10,20,26.5185,0.05,0.01,0.005,1.1,0.5,0.1,1.76535,30.1004
10,20,28.2067,0.05,0.01,0.005,1.1,0.5,0.1,2.39285,41.5081
10,20,34.416,0.05,0.01,0.005,1.1,0.5,0.1,1.99394,34.1837
10,20,30.7285,0.05,0.01,0.005,1.1,0.5,0.1,1.96185,44.7993
10,20,31.7849,0.05,0.01,0.005,1.1,0.5,0.1,1.33914,30.5122
10,20,31.0053,0.05,0.01,0.005,1.1,0.5,0.1,2.46915,43.3449
10,20,27.0778,0.05,0.01,0.005,1.1,0.5,0.1,1.32598,31.11
10,20,30.6973,0.05,0.01,0.005,1.1,0.5,0.1,1.14137,26.0856
10,20,31.4393,0.05,0.01,0.005,1.1,0.5,0.1,2.19055,37.5436
10,20,26.0662,0.05,0.01,0.005,1.1,0.5,0.1,1.26493,29.1063
10,20,31.4929,0.05,0.01,0.005,1.1,0.5,0.1,2.39598,41.6369
10,20,29.3969,0.05,0.01,0.005,1.1,0.5,0.1,1.22913,21.6989
10,20,34.0515,0.05,0.01,0.005,1.1,0.5,0.1,1.5082,34.9623
10,20,27.1388,0.05,0.01,0.005,1.1,0.5,0.1,1.7562,29.3073
10,20,32.4361,0.05,0.01,0.005,1.1,0.5,0.1,1.7564,29.7162
10,20,29.0625,0.05,0.01,0.005,1.1,0.5,0.1,1.31238,30.428
10,20,26.2736,0.05,0.01,0.005,1.1,0.5,0.1,1.82341,41.6295
10,20,30.4242,0.05,0.01,0.005,1.1,0.5,0.1,1.3179,30.3944
10,20,31.6884,0.05,0.01,0.005,1.1,0.5,0.1,1.03655,20.8105
10,20,30.1851,0.05,0.01,0.005,1.1,0.5,0.1,1.43493,24.0874
10,20,29.9283,0.05,0.01,0.005,1.1,0.5,0.1,1.21865,21.7426
10,20,29.2964,0.05,0.01,0.005,1.1,0.5,0.1,1.42271,25.6156
10,20,32.9424,0.05,0.01,0.005,1.1,0.5,0.1,4.76602,87.3161
10,20,29.8316,0.05,0.01,0.005,1.1,0.5,0.1,1.07915,24.2502
10,20,31.9849,0.05,0.01,0.005,1.1,0.5,0.1,3.11355,68.0602
10,20,29.4167,0.05,0.01,0.005,1.1,0.5,0.1,1.40475,23.9194
10,20,29.0881,0.05,0.01,0.005,1.1,0.5,0.1,1.92741,32.4272
10,20,28.8384,0.05,0.01,0.005,1.1,0.5,0.1,3.05623,54.1938
10,20,29.002,0.05,0.01,0.005,1.1,0.5,0.1,2.46895,55.3526
10,20,30.8423,0.05,0.01,0.005,1.1,0.5,0.1,1.18023,20.3451
10,20,28.8732,0.05,0.01,0.005,1.1,0.5,0.1,1.41005,24.3415
10,20,30.1758,0.05,0.01,0.005,1.1,0.5,0.1,1.09324,20.2779
10,20,32.7358,0.05,0.01,0.005,1.1,0.5,0.1,1.09794,25.12
10,20,26.7519,0.05,0.01,0.005,1.1,0.5,0.1,1.14065,27.0188
10,20,28.013,0.05,0.01,0.005,1.1,0.5,0.1,0.999316,22.2553
10,20,32.6433,0.05,0.01,0.005,1.1,0.5,0.1,1.85519,31.7201
10,20,32.602,0.05,0.01,0.005,1.1,0.5,0.1,1.07842,24.4556
10,20,31.9709,0.05,0.01,0.005,1.1,0.5,0.1,2.48638,43.5787
10,20,33.8755,0.05,0.01,0.005,1.1,0.5,0.1,1.0521,22.3076
10,20,27.1492,0.05,0.01,0.005,1.1,0.5,0.1,1.8241,30.8605
10,20,32.5495,0.05,0.01,0.005,1.1,0.5,0.1,1.04181,21.6514
10,20,33.0809,0.05,0.01,0.005,1.1,0.5,0.1,2.17387,49.0719
10,20,26.2032,0.05,0.01,0.005,1.1,0.5,0.1,3.46248,62.6644
10,20,26.3533,0.05,0.01,0.005,1.1,0.5,0.1,1.27023,23.0055
10,20,32.4957,0.05,0.01,0.005,1.1,0.5,0.1,1.04944,21.9768
10,20,27.891,0.05,0.01,0.005,1.1,0.5,0.1,1.34087,23.2915
10,20,28.8576,0.05,0.01,0.005,1.1,0.5,0.1,1.23138,28.049
10,20,27.841,0.05,0.01,0.005,1.1,0.5,0.1,1.89426,31.8038
10,20,34.5615,0.05,0.01,0.005,1.1,0.5,0.1,3.74819,67.6053
10,20,31.9263,0.05,0.01,0.005,1.1,0.5,0.1,1.1301,25.7742
10,20,29.7583,0.05,0.01,0.005,1.1,0.5,0.1,1.36367,23.196
10,20,33.6583,0.05,0.01,0.005,1.1,0.5,0.1,1.74076,40.0792
10,20,33.73,0.05,0.01,0.005,1.1,0.5,0.1,2.11589,35.8912
10,20,32.6305,0.05,0.01,0.005,1.1,0.5,0.1,1.89643,32.4476
10,20,32.411,0.05,0.01,0.005,1.1,0.5,0.1,3.57283,63.9963
10,20,28.9977,0.05,0.01,0.005,1.1,0.5,0.1,2.13262,37.0519
10,20,31.8797,0.05,0.01,0.005,1.1,0.5,0.1,1.33937,22.3284
10,20,30.0886,0.05,0.01,0.005,1.1,0.5,0.1,2.62998,46.0825
10,20,34.4864,0.05,0.01,0.005,1.1,0.5,0.1,1.38069,32.0986
10,20,33.6789,0.05,0.01,0.005,1.1,0.5,0.1,1.55816,35.9872
10,20,26.7172,0.05,0.01,0.005,1.1,0.5,0.1,1.07542,23.3351
10,20,29.691,0.05,0.01,0.005,1.1,0.5,0.1,1.08428,21.16
10,20,31.9665,0.05,0.01,0.005,1.1,0.5,0.1,1.89946,32.3127
10,20,32.2964,0.05,0.01,0.005,1.1,0.5,0.1,2.07534,47.2569
10,20,28.6098,0.05,0.01,0.005,1.1,0.5,0.1,2.39901,42.0067
10,20,30.3815,0.05,0.01,0.005,1.1,0.5,0.1,2.52728,56.2451
10,20,34.59,0.05,0.01,0.005,1.1,0.5,0.1,2.59209,45.9328
10,20,30.3055,0.05,0.01,0.005,1.1,0.5,0.1,1.38635,23.6056
10,20,30.6331,0.05,0.01,0.005,1.1,0.5,0.1,2.38139,41.0597
10,20,29.7768,0.05,0.01,0.005,1.1,0.5,0.1,2.78726,49.4847
10,20,29.799,0.05,0.01,0.005,1.1,0.5,0.1,2.35846,52.5302
10,20,27.8704,0.05,0.01,0.005,1.1,0.5,0.1,2.32555,40.6573
10,20,28.2711,0.05,0.01,0.005,1.1,0.5,0.1,0.984263,20.9818
10,20,33.2564,0.05,0.01,0.005,1.1,0.5,0.1,2.65239,46.4307
10,20,33.8549,0.05,0.01,0.005,1.1,0.5,0.1,1.04415,24.3219
10,20,29.606,0.05,0.01,0.005,1.1,0.5,0.1,1.15143,20.6035
10,20,34.8227,0.05,0.01,0.005,1.1,0.5,0.1,2.80981,50.2154
10,20,27.8541,0.05,0.01,0.005,1.1,0.5,0.1,2.47278,55.162
10,20,31.2789,0.05,0.01,0.005,1.1,0.5,0.1,4.72581,87.3039
10,20,30.028,0.05,0.01,0.005,1.1,0.5,0.1,1.12952,24.6772
10,20,33.3249,0.05,0.01,0.005,1.1,0.5,0.1,1.19431,27.6029
10,20,30.2263,0.05,0.01,0.005,1.1,0.5,0.1,1.10866,24.9296
10,20,27.8355,0.05,0.01,0.005,1.1,0.5,0.1,1.0773,24.3169
10,20,26.108,0.05,0.01,0.005,1.1,0.5,0.1,2.79562,61.3339
10,20,33.3646,0.05,0.01,0.005,1.1,0.5,0.1,2.04891,47.0976
10,20,31.2234,0.05,0.01,0.005,1.1,0.5,0.1,2.59704,57.7294
10,20,27.2676,0.05,0.01,0.005,1.1,0.5,0.1,1.07359,21.3733
10,20,30.5092,0.05,0.01,0.005,1.1,0.5,0.1,1.82329,31.0234
10,20,27.8206,0.05,0.01,0.005,1.1,0.5,0.1,1.06342,20.6825
10,20,26.1964,0.05,0.01,0.005,1.1,0.5,0.1,2.4421,54.5974
10,20,32.8191,0.05,0.01,0.005,1.1,0.5,0.1,4.10371,75.0746
10,20,26.9891,0.05,0.01,0.005,1.1,0.5,0.1,3.13649,55.859
10,20,27.3068,0.05,0.01,0.005,1.1,0.5,0.1,1.79327,41.2244
10,20,34.186,0.05,0.01,0.005,1.1,0.5,0.1,1.16093,25.2384
10,20,28.8362,0.05,0.01,0.005,1.1,0.5,0.1,1.79532,30.1035
10,20,32.552,0.05,0.01,0.005,1.1,0.5,0.1,3.24352,57.8525
10,20,28.3204,0.05,0.01,0.005,1.1,0.5,0.1,1.63968,28.0605
10,20,31.2509,0.05,0.01,0.005,1.1,0.5,0.1,3.59413,65.0142
10,20,29.6497,0.05,0.01,0.005,1.1,0.5,0.1,1.2072,21.1332
10,20,29.2601,0.05,0.01,0.005,1.1,0.5,0.1,2.00955,34.201
10,20,31.6854,0.05,0.01,0.005,1.1,0.5,0.1,1.6045,36.9758
10,20,30.7053,0.05,0.01,0.005,1.1,0.5,0.1,2.90121,51.685
10,20,29.7639,0.05,0.01,0.005,1.1,0.5,0.1,1.35764,23.4317
10,20,31.9155,0.05,0.01,0.005,1.1,0.5,0.1,2.78145,61.4907
10,20,26.4331,0.05,0.01,0.005,1.1,0.5,0.1,1.01276,19.2036
10,20,32.9908,0.05,0.01,0.005,1.1,0.5,0.1,2.15291,48.6862
10,20,27.7844,0.05,0.01,0.005,1.1,0.5,0.1,1.41243,23.7026
10,20,27.1064,0.05,0.01,0.005,1.1,0.5,0.1,1.33499,30.6999
10,20,26.9972,0.05,0.01,0.005,1.1,0.5,0.1,1.49241,25.1417
10,20,28.1022,0.05,0.01,0.005,1.1,0.5,0.1,1.44221,24.6428
10,20,34.3799,0.05,0.01,0.005,1.1,0.5,0.1,2.16356,48.9869
10,20,31.6193,0.05,0.01,0.005,1.1,0.5,0.1,2.7391,47.9646
10,20,33.9997,0.05,0.01,0.005,1.1,0.5,0.1,3.64245,66.4438
10,20,34.3157,0.05,0.01,0.005,1.1,0.5,0.1,7.27166,138.366
10,20,27.5668,0.05,0.01,0.005,1.1,0.5,0.1,1.36112,22.7817
10,20,34.7976,0.05,0.01,0.005,1.1,0.5,0.1,1.07218,20.9874
10,20,34.3739,0.05,0.01,0.005,1.1,0.5,0.1,5.31568,98.7114
10,20,27.9643,0.05,0.01,0.005,1.1,0.5,0.1,1.02151,22.3922
10,20,28.6371,0.05,0.01,0.005,1.1,0.5,0.1,2.32971,40.2377
10,20,32.9144,0.05,0.01,0.005,1.1,0.5,0.1,1.66356,38.315
10,20,32.2228,0.05,0.01,0.005,1.1,0.5,0.1,3.57977,77.3912
10,20,28.8844,0.05,0.01,0.005,1.1,0.5,0.1,3.01044,65.8742
10,20,33.0319,0.05,0.01,0.005,1.1,0.5,0.1,2.35144,41.0621
10,20,28.5001,0.05,0.01,0.005,1.1,0.5,0.1,2.46374,43.5854
10,20,32.9317,0.05,0.01,0.005,1.1,0.5,0.1,3.73254,67.767
10,20,29.2712,0.05,0.01,0.005,1.1,0.5,0.1,1.15725,27.1247
10,20,34.697,0.05,0.01,0.005,1.1,0.5,0.1,2.23115,38.574
10,20,27.7567,0.05,0.01,0.005,1.1,0.5,0.1,1.12403,20.3215
10,20,31.3387,0.05,0.01,0.005,1.1,0.5,0.1,1.84885,42.273
10,20,27.7378,0.05,0.01,0.005,1.1,0.5,0.1,1.15889,20.07
10,20,31.5752,0.05,0.01,0.005,1.1,0.5,0.1,1.58387,27.1654
10,20,28.8649,0.05,0.01,0.005,1.1,0.5,0.1,1.29249,22.7229
10,20,31.5666,0.05,0.01,0.005,1.1,0.5,0.1,1.00444,22.2399
10,20,26.7301,0.05,0.01,0.005,1.1,0.5,0.1,1.22089,21.4208
10,20,33.0126,0.05,0.01,0.005,1.1,0.5,0.1,3.82605,69.2626
10,20,27.8051,0.05,0.01,0.005,1.1,0.5,0.1,1.07343,19.8721
10,20,33.7939,0.05,0.01,0.005,1.1,0.5,0.1,2.38127,53.4634
10,20,32.6603,0.05,0.01,0.005,1.1,0.5,0.1,2.5588,57.1514
10,20,29.675,0.05,0.01,0.005,1.1,0.5,0.1,1.0736,23.6401
10,20,26.2391,0.05,0.01,0.005,1.1,0.5,0.1,1.47902,24.7681
10,20,27.6508,0.05,0.01,0.005,1.1,0.5,0.1,3.13274,68.8368
10,20,26.7845,0.05,0.01,0.005,1.1,0.5,0.1,3.50873,76.0469
10,20,27.5001,0.05,0.01,0.005,1.1,0.5,0.1,1.3766,31.497
10,20,26.2766,0.05,0.01,0.005,1.1,0.5,0.1,1.25145,22.1505
10,20,30.2627,0.05,0.01,0.005,1.1,0.5,0.1,1.04001,24.0028
10,20,29.5513,0.05,0.01,0.005,1.1,0.5,0.1,1.57617,36.7039
10,20,27.6343,0.05,0.01,0.005,1.1,0.5,0.1,1.06765,23.7575
10,20,32.7676,0.05,0.01,0.005,1.1,0.5,0.1,1.74867,29.9957
10,20,27.2103,0.05,0.01,0.005,1.1,0.5,0.1,2.82744,50.7089
10,20,27.2232,0.05,0.01,0.005,1.1,0.5,0.1,1.13812,25.76
10,20,31.8756,0.05,0.01,0.005,1.1,0.5,0.1,2.63886,46.9309
10,20,31.7256,0.05,0.01,0.005,1.1,0.5,0.1,1.08869,20.8764
10,20,33.776,0.05,0.01,0.005,1.1,0.5,0.1,1.02198,21.8631
10,20,27.9442,0.05,0.01,0.005,1.1,0.5,0.1,2.18678,49.5203
10,20,30.6888,0.05,0.01,0.005,1.1,0.5,0.1,2.2192,38.0478
10,20,33.4349,0.05,0.01,0.005,1.1,0.5,0.1,1.0895,23.9077
10,20,28.0828,0.05,0.01,0.005,1.1,0.5,0.1,1.07376,24.2048
10,20,34.1959,0.05,0.01,0.005,1.1,0.5,0.1,1.03035,20.928
10,20,26.6753,0.05,0.01,0.005,1.1,0.5,0.1,1.04765,22.6503
10,20,27.1996,0.05,0.01,0.005,1.1,0.5,0.1,1.24941,28.7705
10,20,34.725,0.05,0.01,0.005,1.1,0.5,0.1,2.8543,50.5212
10,20,29.0015,0.05,0.01,0.005,1.1,0.5,0.1,1.629,37.8897
10,20,29.0145,0.05,0.01,0.005,1.1,0.5,0.1,1.44388,34.0382
10,20,33.1118,0.05,0.01,0.005,1.1,0.5,0.1,2.94693,52.3363
10,20,29.17,0.05,0.01,0.005,1.1,0.5,0.1,1.11435,25.0477
10,20,34.3449,0.05,0.01,0.005,1.1,0.5,0.1,0.921294,20.1539
10,20,27.1776,0.05,0.01,0.005,1.1,0.5,0.1,1.19694,27.7472
10,20,28.0599,0.05,0.01,0.005,1.1,0.5,0.1,2.80918,61.7852
10,20,31.5396,0.05,0.01,0.005,1.1,0.5,0.1,2.65119,46.1076
10,20,31.8478,0.05,0.01,0.005,1.1,0.5,0.1,1.2746,29.2648
10,20,34.7058,0.05,0.01,0.005,1.1,0.5,0.1,6.49943,121.702
10,20,30.0297,0.05,0.01,0.005,1.1,0.5,0.1,1.29592,22.5236
10,20,34.2071,0.05,0.01,0.005,1.1,0.5,0.1,1.24276,21.8099
10,20,27.3091,0.05,0.01,0.005,1.1,0.5,0.1,1.88571,32.1482
10,20,31.6951,0.05,0.01,0.005,1.1,0.5,0.1,1.97311,33.5252
10,20,34.0866,0.05,0.01,0.005,1.1,0.5,0.1,1.44085,23.8806
10,20,30.9578,0.05,0.01,0.005,1.1,0.5,0.1,1.3268,30.8906
10,20,29.1952,0.05,0.01,0.005,1.1,0.5,0.1,2.7375,47.5065
10,20,28.5049,0.05,0.01,0.005,1.1,0.5,0.1,1.34579,23.263
10,20,30.0268,0.05,0.01,0.005,1.1,0.5,0.1,1.92091,32.6137
10,20,34.4435,0.05,0.01,0.005,1.1,0.5,0.1,1.73968,29.6288
10,20,32.2042,0.05,0.01,0.005,1.1,0.5,0.1,1.30715,22.5046
10,20,31.5787,0.05,0.01,0.005,1.1,0.5,0.1,2.95527,51.9407
10,20,28.6221,0.05,0.01,0.005,1.1,0.5,0.1,2.25733,39.7335
10,20,33.5035,0.05,0.01,0.005,1.1,0.5,0.1,1.42243,32.8097
10,20,30.9865,0.05,0.01,0.005,1.1,0.5,0.1,0.998893,21.6553
10,20,27.275,0.05,0.01,0.005,1.1,0.5,0.1,1.48659,34.6441
10,20,26.0449,0.05,0.01,0.005,1.1,0.5,0.1,1.1233,20.97
10,20,26.7699,0.05,0.01,0.005,1.1,0.5,0.1,1.27835,22.2568
10,20,29.9546,0.05,0.01,0.005,1.1,0.5,0.1,1.99411,34.7595
10,20,33.1023,0.05,0.01,0.005,1.1,0.5,0.1,4.03249,86.722
10,20,29.9065,0.05,0.01,0.005,1.1,0.5,0.1,1.46777,34.1115
10,20,30.1759,0.05,0.01,0.005,1.1,0.5,0.1,1.75144,29.5276
10,20,34.3639,0.05,0.01,0.005,1.1,0.5,0.1,1.20358,21.0165
10,20,28.4788,0.05,0.01,0.005,1.1,0.5,0.1,1.0563,23.3412
10,20,34.2655,0.05,0.01,0.005,1.1,0.5,0.1,1.82367,41.9719
10,20,32.2358,0.05,0.01,0.005,1.1,0.5,0.1,1.35219,31.184
10,20,29.5121,0.05,0.01,0.005,1.1,0.5,0.1,1.02652,21.869
10,20,30.2705,0.05,0.01,0.005,1.1,0.5,0.1,2.48353,55.7671
10,20,33.3627,0.05,0.01,0.005,1.1,0.5,0.1,2.09872,35.3545
10,20,31.6137,0.05,0.01,0.005,1.1,0.5,0.1,1.80349,41.4107
10,20,34.07,0.05,0.01,0.005,1.1,0.5,0.1,3.66838,66.0487
10,20,34.3272,0.05,0.01,0.005,1.1,0.5,0.1,1.73396,29.1536
10,20,32.8209,0.05,0.01,0.005,1.1,0.5,0.1,4.2043,76.7495
10,20,32.8371,0.05,0.01,0.005,1.1,0.5,0.1,1.33981,23.0248
10,20,27.4513,0.05,0.01,0.005,1.1,0.5,0.1,1.36464,23.2239
10,20,32.3226,0.05,0.01,0.005,1.1,0.5,0.1,2.11562,36.6469
10,20,28.2942,0.05,0.01,0.005,1.1,0.5,0.1,1.15789,26.8594
10,20,26.4861,0.05,0.01,0.005,1.1,0.5,0.1,1.49392,34.6742
10,20,34.4523,0.05,0.01,0.005,1.1,0.5,0.1,2.88131,63.5753
10,20,31.5597,0.05,0.01,0.005,1.1,0.5,0.1,1.36748,31.9255
10,20,34.8267,0.05,0.01,0.005,1.1,0.5,0.1,3.35837,60.5134
10,20,30.1436,0.05,0.01,0.005,1.1,0.5,0.1,3.41456,61.1524
10,20,30.9483,0.05,0.01,0.005,1.1,0.5,0.1,2.74439,48.6947
10,20,33.2439,0.05,0.01,0.005,1.1,0.5,0.1,3.66929,66.388
10,20,28.5773,0.05,0.01,0.005,1.1,0.5,0.1,5.32124,99.3842
10,20,30.4846,0.05,0.01,0.005,1.1,0.5,0.1,1.58088,36.5907
10,20,32.1909,0.05,0.01,0.005,1.1,0.5,0.1,0.992172,20.4562
10,20,33.9295,0.05,0.01,0.005,1.1,0.5,0.1,1.38583,23.8799
10,20,27.5427,0.05,0.01,0.005,1.1,0.5,0.1,0.987402,21.7588
10,20,30.526,0.05,0.01,0.005,1.1,0.5,0.1,1.13593,21.3716
10,20,34.478,0.05,0.01,0.005,1.1,0.5,0.1,1.51892,25.6175
10,20,34.1634,0.05,0.01,0.005,1.1,0.5,0.1,4.3629,80.8917
10,20,27.9666,0.05,0.01,0.005,1.1,0.5,0.1,1.12308,21.0651
10,20,28.6379,0.05,0.01,0.005,1.1,0.5,0.1,2.17254,36.7686
10,20,33.7189,0.05,0.01,0.005,1.1,0.5,0.1,4.16669,75.6191
10,20,31.6461,0.05,0.01,0.005,1.1,0.5,0.1,1.36271,23.6399
10,20,28.0163,0.05,0.01,0.005,1.1,0.5,0.1,1.38034,23.6134
10,20,30.662,0.05,0.01,0.005,1.1,0.5,0.1,4.27206,78.2669
10,20,27.0349,0.05,0.01,0.005,1.1,0.5,0.1,1.07879,24.39
10,20,28.4502,0.05,0.01,0.005,1.1,0.5,0.1,1.0476,23.2678
10,20,28.0569,0.05,0.01,0.005,1.1,0.5,0.1,1.71463,39.4354
10,20,29.0005,0.05,0.01,0.005,1.1,0.5,0.1,2.61562,45.5249
10,20,26.5431,0.05,0.01,0.005,1.1,0.5,0.1,1.38656,23.2441
10,20,34.4715,0.05,0.01,0.005,1.1,0.5,0.1,2.12548,36.7918
10,20,33.8117,0.05,0.01,0.005,1.1,0.5,0.1,3.01486,53.253
10,20,29.0398,0.05,0.01,0.005,1.1,0.5,0.1,1.07432,22.8559
10,20,31.7947,0.05,0.01,0.005,1.1,0.5,0.1,1.11475,24.8988
10,20,34.0128,0.05,0.01,0.005,1.1,0.5,0.1,1.24632,28.7744
10,20,31.8079,0.05,0.01,0.005,1.1,0.5,0.1,2.21129,49.8688
10,20,26.6612,0.05,0.01,0.005,1.1,0.5,0.1,2.22104,38.3098
10,20,30.4704,0.05,0.01,0.005,1.1,0.5,0.1,1.48992,34.6394
10,20,34.7533,0.05,0.01,0.005,1.1,0.5,0.1,1.97244,45.03
10,20,28.0067,0.05,0.01,0.005,1.1,0.5,0.1,1.82823,31.0526
10,20,28.4642,0.05,0.01,0.005,1.1,0.5,0.1,1.06849,24.0797
10,20,31.3506,0.05,0.01,0.005,1.1,0.5,0.1,1.15763,20.7147
10,20,28.1615,0.05,0.01,0.005,1.1,0.5,0.1,1.57769,36.5034
10,20,34.0305,0.05,0.01,0.005,1.1,0.5,0.1,2.10964,35.5426
10,20,28.833,0.05,0.01,0.005,1.1,0.5,0.1,1.07332,23.3824
10,20,31.9102,0.05,0.01,0.005,1.1,0.5,0.1,1.14281,20.3751
10,20,28.3111,0.05,0.01,0.005,1.1,0.5,0.1,1.01314,22.3742
10,20,34.6555,0.05,0.01,0.005,1.1,0.5,0.1,2.95026,52.4525
10,20,31.9221,0.05,0.01,0.005,1.1,0.5,0.1,1.36951,24.0244
10,20,32.3837,0.05,0.01,0.005,1.1,0.5,0.1,1.411,23.5534
10,20,28.4609,0.05,0.01,0.005,1.1,0.5,0.1,1.06433,20.7385
10,20,27.1688,0.05,0.01,0.005,1.1,0.5,0.1,1.16669,20.581
10,20,29.713,0.05,0.01,0.005,1.1,0.5,0.1,1.11059,20.4542
10,20,29.8167,0.05,0.01,0.005,1.1,0.5,0.1,1.51331,35.0594
10,20,30.2576,0.05,0.01,0.005,1.1,0.5,0.1,2.39337,53.7219
10,20,31.0975,0.05,0.01,0.005,1.1,0.5,0.1,1.08156,21.0899
10,20,29.6737,0.05,0.01,0.005,1.1,0.5,0.1,2.47991,55.4842
10,20,29.9385,0.05,0.01,0.005,1.1,0.5,0.1,1.21168,27.8756
10,20,33.2719,0.05,0.01,0.005,1.1,0.5,0.1,1.14207,26.6076
10,20,33.8673,0.05,0.01,0.005,1.1,0.5,0.1,3.28573,58.6195
10,20,31.3741,0.05,0.01,0.005,1.1,0.5,0.1,2.0286,34.5561
10,20,31.6585,0.05,0.01,0.005,1.1,0.5,0.1,1.02753,20.6662
10,20,28.3794,0.05,0.01,0.005,1.1,0.5,0.1,1.24892,29.1449
10,20,29.6337,0.05,0.01,0.005,1.1,0.5,0.1,2.26312,38.9777
10,20,33.8594,0.05,0.01,0.005,1.1,0.5,0.1,1.09197,22.0032
10,20,26.1641,0.05,0.01,0.005,1.1,0.5,0.1,1.18656,27.1142
10,20,33.8518,0.05,0.01,0.005,1.1,0.5,0.1,2.22921,38.339
10,20,30.6853,0.05,0.01,0.005,1.1,0.5,0.1,1.02271,20.4988
10,20,29.1362,0.05,0.01,0.005,1.1,0.5,0.1,1.21358,21.9355
10,20,32.438,0.05,0.01,0.005,1.1,0.5,0.1,1.13684,24.6013
10,20,29.44,0.05,0.01,0.005,1.1,0.5,0.1,1.28215,29.6504
10,20,30.9669,0.05,0.01,0.005,1.1,0.5,0.1,3.65854,65.8994
10,20,31.6426,0.05,0.01,0.005,1.1,0.5,0.1,2.37131,53.5262
10,20,30.4019,0.05,0.01,0.005,1.1,0.5,0.1,1.79164,30.8853
10,20,31.455,0.05,0.01,0.005,1.1,0.5,0.1,1.06637,22.6267
10,20,31.0043,0.05,0.01,0.005,1.1,0.5,0.1,1.71352,39.6984
10,20,27.6977,0.05,0.01,0.005,1.1,0.5,0.1,3.2377,70.5856
10,20,31.8316,0.05,0.01,0.005,1.1,0.5,0.1,1.57129,26.6006
10,20,34.7121,0.05,0.01,0.005,1.1,0.5,0.1,2.71759,60.1026
10,20,31.3758,0.05,0.01,0.005,1.1,0.5,0.1,1.92328,32.5049
10,20,29.1622,0.05,0.01,0.005,1.1,0.5,0.1,1.74452,29.7003
10,20,28.4221,0.05,0.01,0.005,1.1,0.5,0.1,1.02374,20.1074
10,20,31.4569,0.05,0.01,0.005,1.1,0.5,0.1,2.40919,42.2715
10,20,34.4267,0.05,0.01,0.005,1.1,0.5,0.1,1.98051,33.9465
10,20,33.0914,0.05,0.01,0.005,1.1,0.5,0.1,4.68575,85.6651
10,20,26.5725,0.05,0.01,0.005,1.1,0.5,0.1,1.07685,20.302
10,20,34.5616,0.05,0.01,0.005,1.1,0.5,0.1,1.03817,22.1122
10,20,29.128,0.05,0.01,0.005,1.1,0.5,0.1,2.69413,59.644
10,20,27.859,0.05,0.01,0.005,1.1,0.5,0.1,1.12262,25.4568
10,20,26.6201,0.05,0.01,0.005,1.1,0.5,0.1,1.02752,21.4022
10,20,26.3621,0.05,0.01,0.005,1.1,0.5,0.1,1.09802,23.3144
10,20,31.8852,0.05,0.01,0.005,1.1,0.5,0.1,1.24545,29.5872
10,20,31.7769,0.05,0.01,0.005,1.1,0.5,0.1,1.12082,22.059
10,20,26.6663,0.05,0.01,0.005,1.1,0.5,0.1,2.19901,49.454
10,20,32.3671,0.05,0.01,0.005,1.1,0.5,0.1,2.63308,45.2984
10,20,28.5341,0.05,0.01,0.005,1.1,0.5,0.1,2.27949,51.4802
10,20,30.2739,0.05,0.01,0.005,1.1,0.5,0.1,1.93829,44.3664
10,20,32.1557,0.05,0.01,0.005,1.1,0.5,0.1,1.23696,28.8606
10,20,33.0296,0.05,0.01,0.005,1.1,0.5,0.1,0.983754,19.2203
10,20,29.6253,0.05,0.01,0.005,1.1,0.5,0.1,3.22108,57.399
10,20,29.0209,0.05,0.01,0.005,1.1,0.5,0.1,1.07209,19.7115
10,20,33.7282,0.05,0.01,0.005,1.1,0.5,0.1,4.50808,83.3687
10,20,29.2684,0.05,0.01,0.005,1.1,0.5,0.1,1.06692,21.7986
10,20,34.0832,0.05,0.01,0.005,1.1,0.5,0.1,1.33589,23.0214
10,20,34.5443,0.05,0.01,0.005,1.1,0.5,0.1,5.71795,106.635
10,20,33.9947,0.05,0.01,0.005,1.1,0.5,0.1,2.83445,49.6757
10,20,33.8731,0.05,0.01,0.005,1.1,0.5,0.1,1.91679,43.7784
10,20,31.817,0.05,0.01,0.005,1.1,0.5,0.1,1.94119,44.6108
10,20,28.4618,0.05,0.01,0.005,1.1,0.5,0.1,1.02164,21.4175
10,20,28.9648,0.05,0.01,0.005,1.1,0.5,0.1,3.81267,68.774
10,20,29.2691,0.05,0.01,0.005,1.1,0.5,0.1,1.81352,30.537
10,20,32.9154,0.05,0.01,0.005,1.1,0.5,0.1,1.06034,21.7107
10,20,33.1552,0.05,0.01,0.005,1.1,0.5,0.1,1.34629,31.4685
10,20,28.9372,0.05,0.01,0.005,1.1,0.5,0.1,1.22702,22.0567
10,20,30.3127,0.05,0.01,0.005,1.1,0.5,0.1,1.54609,26.0106
10,20,31.8469,0.05,0.01,0.005,1.1,0.5,0.1,1.2193,21.5836
10,20,28.2975,0.05,0.01,0.005,1.1,0.5,0.1,1.20507,27.6496
10,20,26.1955,0.05,0.01,0.005,1.1,0.5,0.1,2.41827,41.6204
10,20,29.0178,0.05,0.01,0.005,1.1,0.5,0.1,1.29438,22.1878
10,20,30.2886,0.05,0.01,0.005,1.1,0.5,0.1,5.56272,103.236
10,20,33.5321,0.05,0.01,0.005,1.1,0.5,0.1,2.41146,40.974
10,20,30.3289,0.05,0.01,0.005,1.1,0.5,0.1,3.70156,67.0541
10,20,26.2268,0.05,0.01,0.005,1.1,0.5,0.1,2.93029,64.532
10,20,33.0733,0.05,0.01,0.005,1.1,0.5,0.1,2.61976,45.3786
10,20,28.7876,0.05,0.01,0.005,1.1,0.5,0.1,2.04106,35.4828
10,20,26.1477,0.05,0.01,0.005,1.1,0.5,0.1,1.11203,23.1499
10,20,28.0795,0.05,0.01,0.005,1.1,0.5,0.1,1.16454,21.3386
10,20,29.2785,0.05,0.01,0.005,1.1,0.5,0.1,1.20881,27.6234
10,20,33.1398,0.05,0.01,0.005,1.1,0.5,0.1,1.23963,21.3727
10,20,31.7465,0.05,0.01,0.005,1.1,0.5,0.1,2.92133,52.3486
10,20,29.8271,0.05,0.01,0.005,1.1,0.5,0.1,3.72681,80.517
10,20,32.8197,0.05,0.01,0.005,1.1,0.5,0.1,2.55488,56.9234
10,20,26.407,0.05,0.01,0.005,1.1,0.5,0.1,2.43574,43.3125
10,20,30.1253,0.05,0.01,0.005,1.1,0.5,0.1,1.05357,21.7938
10,20,28.9461,0.05,0.01,0.005,1.1,0.5,0.1,1.09186,20.7937
10,20,29.8048,0.05,0.01,0.005,1.1,0.5,0.1,1.08161,24.9989
10,20,33.6969,0.05,0.01,0.005,1.1,0.5,0.1,2.59246,45.5888
10,20,26.0531,0.05,0.01,0.005,1.1,0.5,0.1,1.74079,40.1536
10,20,34.9979,0.05,0.01,0.005,1.1,0.5,0.1,1.44604,24.0568
10,20,27.2074,0.05,0.01,0.005,1.1,0.5,0.1,2.33738,40.3925
10,20,31.1238,0.05,0.01,0.005,1.1,0.5,0.1,1.06473,23.5497
10,20,29.346,0.05,0.01,0.005,1.1,0.5,0.1,1.40858,23.9593
10,20,27.4825,0.05,0.01,0.005,1.1,0.5,0.1,2.09135,47.4519
10,20,26.4049,0.05,0.01,0.005,1.1,0.5,0.1,1.38137,32.4591
10,20,32.2045,0.05,0.01,0.005,1.1,0.5,0.1,7.21863,137.962
10,20,34.3282,0.05,0.01,0.005,1.1,0.5,0.1,3.12331,68.7244
10,20,34.6929,0.05,0.01,0.005,1.1,0.5,0.1,1.11337,23.5798
10,20,26.2516,0.05,0.01,0.005,1.1,0.5,0.1,1.98127,33.9377
10,20,28.4887,0.05,0.01,0.005,1.1,0.5,0.1,1.53852,26.2398
10,20,27.3006,0.05,0.01,0.005,1.1,0.5,0.1,1.58208,37.0356
10,20,31.6075,0.05,0.01,0.005,1.1,0.5,0.1,2.09653,36.2151
10,20,29.8828,0.05,0.01,0.005,1.1,0.5,0.1,1.91106,32.8865
10,20,34.7766,0.05,0.01,0.005,1.1,0.5,0.1,1.1538,25.4736
10,20,32.3357,0.05,0.01,0.005,1.1,0.5,0.1,1.96313,32.9623
10,20,26.5248,0.05,0.01,0.005,1.1,0.5,0.1,3.31287,72.2841
10,20,33.9041,0.05,0.01,0.005,1.1,0.5,0.1,2.32516,40.6741
10,20,31.3834,0.05,0.01,0.005,1.1,0.5,0.1,0.982343,21.9727
10,20,28.4004,0.05,0.01,0.005,1.1,0.5,0.1,1.8513,31.8704
10,20,30.2922,0.05,0.01,0.005,1.1,0.5,0.1,1.22742,22.2641
10,20,26.6614,0.05,0.01,0.005,1.1,0.5,0.1,2.46044,55.0024
10,20,32.4858,0.05,0.01,0.005,1.1,0.5,0.1,1.04748,21.3745
10,20,33.6555,0.05,0.01,0.005,1.1,0.5,0.1,3.23465,58.8273
10,20,31.1727,0.05,0.01,0.005,1.1,0.5,0.1,1.09722,21.1114
10,20,31.5409,0.05,0.01,0.005,1.1,0.5,0.1,1.53721,26.0451
10,20,29.3487,0.05,0.01,0.005,1.1,0.5,0.1,2.12114,47.9435
10,20,28.7438,0.05,0.01,0.005,1.1,0.5,0.1,3.33168,72.4645
10,20,34.7367,0.05,0.01,0.005,1.1,0.5,0.1,3.56324,64.5321
10,20,34.0073,0.05,0.01,0.005,1.1,0.5,0.1,2.19232,49.338
10,20,27.0252,0.05,0.01,0.005,1.1,0.5,0.1,1.12787,24.4279
10,20,30.322,0.05,0.01,0.005,1.1,0.5,0.1,1.92998,44.1871
10,20,33.0538,0.05,0.01,0.005,1.1,0.5,0.1,1.49004,34.7032
10,20,28.4603,0.05,0.01,0.005,1.1,0.5,0.1,1.91765,43.7437
10,20,34.5956,0.05,0.01,0.005,1.1,0.5,0.1,1.29108,21.9729
10,20,26.1525,0.05,0.01,0.005,1.1,0.5,0.1,1.07752,24.2325
10,20,31.3413,0.05,0.01,0.005,1.1,0.5,0.1,2.79305,61.6573
10,20,30.5884,0.05,0.01,0.005,1.1,0.5,0.1,1.09678,23.9254
10,20,34.8202,0.05,0.01,0.005,1.1,0.5,0.1,1.18424,20.8669
10,20,29.4209,0.05,0.01,0.005,1.1,0.5,0.1,3.23051,57.661
10,20,26.5332,0.05,0.01,0.005,1.1,0.5,0.1,2.08258,47.0199
10,20,27.323,0.05,0.01,0.005,1.1,0.5,0.1,1.14496,26.7231
10,20,34.0783,0.05,0.01,0.005,1.1,0.5,0.1,2.959,51.6436
10,20,26.5852,0.05,0.01,0.005,1.1,0.5,0.1,1.44429,24.3465
10,20,31.5951,0.05,0.01,0.005,1.1,0.5,0.1,2.42581,54.4485
10,20,28.5284,0.05,0.01,0.005,1.1,0.5,0.1,1.54171,35.9656
10,20,33.2423,0.05,0.01,0.005,1.1,0.5,0.1,1.21748,28.319
10,20,26.5529,0.05,0.01,0.005,1.1,0.5,0.1,2.93879,52.4687
10,20,32.1703,0.05,0.01,0.005,1.1,0.5,0.1,1.35155,31.7689
10,20,29.5841,0.05,0.01,0.005,1.1,0.5,0.1,1.52035,35.3314
10,20,31.6448,0.05,0.01,0.005,1.1,0.5,0.1,1.03216,21.1951
10,20,26.0731,0.05,0.01,0.005,1.1,0.5,0.1,1.30941,30.0626
10,20,33.1063,0.05,0.01,0.005,1.1,0.5,0.1,1.01236,22.6384
10,20,33.103,0.05,0.01,0.005,1.1,0.5,0.1,2.96123,51.7985
10,20,32.2417,0.05,0.01,0.005,1.1,0.5,0.1,2.03789,34.7535
10,20,30.4684,0.05,0.01,0.005,1.1,0.5,0.1,1.05018,20.4082
10,20,34.3406,0.05,0.01,0.005,1.1,0.5,0.1,2.65902,46.3901
10,20,27.2048,0.05,0.01,0.005,1.1,0.5,0.1,2.44842,42.9711
10,20,32.658,0.05,0.01,0.005,1.1,0.5,0.1,1.31434,22.6903
10,20,34.9931,0.05,0.01,0.005,1.1,0.5,0.1,2.01581,33.9397
10,20,32.3464,0.05,0.01,0.005,1.1,0.5,0.1,2.86354,50.2607
10,20,34.8068,0.05,0.01,0.005,1.1,0.5,0.1,1.50576,25.3501
10,20,31.405,0.05,0.01,0.005,1.1,0.5,0.1,2.25684,50.8119
10,20,33.3189,0.05,0.01,0.005,1.1,0.5,0.1,2.91222,64.2238
10,20,30.3791,0.05,0.01,0.005,1.1,0.5,0.1,2.06987,34.9565
10,20,32.5821,0.05,0.01,0.005,1.1,0.5,0.1,1.22051,27.6116
10,20,29.5614,0.05,0.01,0.005,1.1,0.5,0.1,1.5811,26.6264
10,20,29.3923,0.05,0.01,0.005,1.1,0.5,0.1,0.989759,20.9677
10,20,33.9613,0.05,0.01,0.005,1.1,0.5,0.1,2.52237,43.2074
10,20,26.3018,0.05,0.01,0.005,1.1,0.5,0.1,1.5528,36.0893
10,20,29.4475,0.05,0.01,0.005,1.1,0.5,0.1,1.35807,23.3701
10,20,32.7188,0.05,0.01,0.005,1.1,0.5,0.1,1.63756,37.8063
10,20,33.2209,0.05,0.01,0.005,1.1,0.5,0.1,2.70944,47.5429
10,20,29.9401,0.05,0.01,0.005,1.1,0.5,0.1,2.22114,49.867
10,20,33.5467,0.05,0.01,0.005,1.1,0.5,0.1,1.55227,35.7336
10,20,29.2369,0.05,0.01,0.005,1.1,0.5,0.1,1.23474,22.1974
10,20,32.8374,0.05,0.01,0.005,1.1,0.5,0.1,1.04704,23.2695
10,20,30.8074,0.05,0.01,0.005,1.1,0.5,0.1,4.54825,83.986
10,20,31.4786,0.05,0.01,0.005,1.1,0.5,0.1,1.08782,20.7008
10,20,28.376,0.05,0.01,0.005,1.1,0.5,0.1,2.38491,53.2974
10,20,28.7363,0.05,0.01,0.005,1.1,0.5,0.1,1.05127,23.5089
10,20,30.3899,0.05,0.01,0.005,1.1,0.5,0.1,1.68766,28.6898
10,20,34.8057,0.05,0.01,0.005,1.1,0.5,0.1,1.39961,32.6414
10,20,34.132,0.05,0.01,0.005,1.1,0.5,0.1,2.57418,44.8322
10,20,26.3666,0.05,0.01,0.005,1.1,0.5,0.1,1.06372,19.5607
10,20,30.1,0.05,0.01,0.005,1.1,0.5,0.1,1.07562,21.6497
10,20,26.9514,0.05,0.01,0.005,1.1,0.5,0.1,1.08723,23.948
10,20,32.8586,0.05,0.01,0.005,1.1,0.5,0.1,1.3732,23.5156
10,20,34.7291,0.05,0.01,0.005,1.1,0.5,0.1,1.17033,25.9839
10,20,30.0494,0.05,0.01,0.005,1.1,0.5,0.1,1.34411,23.2416
10,20,32.7185,0.05,0.01,0.005,1.1,0.5,0.1,2.70223,47.7708
10,20,28.1765,0.05,0.01,0.005,1.1,0.5,0.1,1.07543,22.6923
10,20,27.5689,0.05,0.01,0.005,1.1,0.5,0.1,1.37419,31.9782
10,20,32.2867,0.05,0.01,0.005,1.1,0.5,0.1,5.35108,100.052
10,20,28.1991,0.05,0.01,0.005,1.1,0.5,0.1,1.09516,25.1288
10,20,33.7271,0.05,0.01,0.005,1.1,0.5,0.1,1.07087,23.3542
10,20,31.602,0.05,0.01,0.005,1.1,0.5,0.1,2.57033,57.16
10,20,29.2322,0.05,0.01,0.005,1.1,0.5,0.1,1.03031,20.5557
10,20,27.2859,0.05,0.01,0.005,1.1,0.5,0.1,1.24595,29.1778
10,20,34.7582,0.05,0.01,0.005,1.1,0.5,0.1,1.591,26.5358
10,20,34.4201,0.05,0.01,0.005,1.1,0.5,0.1,2.77039,48.9736
10,20,29.6461,0.05,0.01,0.005,1.1,0.5,0.1,3.33514,72.524
10,20,32.9523,0.05,0.01,0.005,1.1,0.5,0.1,1.86422,31.9105
10,20,33.4572,0.05,0.01,0.005,1.1,0.5,0.1,2.01667,33.8858
10,20,28.5179,0.05,0.01,0.005,1.1,0.5,0.1,1.74289,39.9363
10,20,31.1089,0.05,0.01,0.005,1.1,0.5,0.1,4.04923,74.1627
10,20,29.3277,0.05,0.01,0.005,1.1,0.5,0.1,3.75817,68.091
10,20,33.2039,0.05,0.01,0.005,1.1,0.5,0.1,1.42893,24.3996
10,20,27.564,0.05,0.01,0.005,1.1,0.5,0.1,1.18181,27.9092
10,20,31.4698,0.05,0.01,0.005,1.1,0.5,0.1,1.65059,27.6039
10,20,27.5364,0.05,0.01,0.005,1.1,0.5,0.1,1.03251,22.3033
10,20,33.4472,0.05,0.01,0.005,1.1,0.5,0.1,1.04727,21.8715
10,20,26.5796,0.05,0.01,0.005,1.1,0.5,0.1,1.70249,28.5994
10,20,33.3369,0.05,0.01,0.005,1.1,0.5,0.1,4.15611,76.7074
10,20,31.6252,0.05,0.01,0.005,1.1,0.5,0.1,6.06855,113.523
10,20,29.8282,0.05,0.01,0.005,1.1,0.5,0.1,2.0153,45.9613
10,20,33.6853,0.05,0.01,0.005,1.1,0.5,0.1,3.13366,55.7398
10,20,29.6205,0.05,0.01,0.005,1.1,0.5,0.1,1.52311,26.084
10,20,34.9879,0.05,0.01,0.005,1.1,0.5,0.1,1.30664,30.4156
10,20,27.3172,0.05,0.01,0.005,1.1,0.5,0.1,2.20946,49.8038
10,20,32.791,0.05,0.01,0.005,1.1,0.5,0.1,1.42055,24.6868
10,20,34.7953,0.05,0.01,0.005,1.1,0.5,0.1,2.80089,61.8012
10,20,28.7908,0.05,0.01,0.005,1.1,0.5,0.1,1.30971,22.4201
10,20,26.4565,0.05,0.01,0.005,1.1,0.5,0.1,1.23602,28.71
10,20,28.889,0.05,0.01,0.005,1.1,0.5,0.1,1.02667,20.3187
10,20,27.7769,0.05,0.01,0.005,1.1,0.5,0.1,3.61803,78.2928
10,20,26.0758,0.05,0.01,0.005,1.1,0.5,0.1,2.75089,60.6841
10,20,33.5471,0.05,0.01,0.005,1.1,0.5,0.1,1.79906,41.2274
10,20,31.9956,0.05,0.01,0.005,1.1,0.5,0.1,1.59859,27.1271
10,20,30.1121,0.05,0.01,0.005,1.1,0.5,0.1,2.15987,37.2159
10,20,32.1852,0.05,0.01,0.005,1.1,0.5,0.1,2.44873,42.6068
10,20,33.2064,0.05,0.01,0.005,1.1,0.5,0.1,3.69352,67.646
10,20,26.4957,0.05,0.01,0.005,1.1,0.5,0.1,1.47788,24.6887
10,20,33.5799,0.05,0.01,0.005,1.1,0.5,0.1,1.06678,20.718
10,20,31.7733,0.05,0.01,0.005,1.1,0.5,0.1,1.08862,20.8523
10,20,34.4837,0.05,0.01,0.005,1.1,0.5,0.1,2.26269,39.2442
10,20,29.2857,0.05,0.01,0.005,1.1,0.5,0.1,1.39421,23.7642
10,20,32.0032,0.05,0.01,0.005,1.1,0.5,0.1,4.82376,89.2572
10,20,26.2126,0.05,0.01,0.005,1.1,0.5,0.1,2.08167,36.0116
10,20,31.8717,0.05,0.01,0.005,1.1,0.5,0.1,4.47113,94.8156
10,20,27.5944,0.05,0.01,0.005,1.1,0.5,0.1,1.64713,28.021
10,20,31.2772,0.05,0.01,0.005,1.1,0.5,0.1,1.19746,21.2544
10,20,31.8592,0.05,0.01,0.005,1.1,0.5,0.1,1.05674,23.0725
10,20,32.7868,0.05,0.01,0.005,1.1,0.5,0.1,2.69885,47.3302
10,20,27.6114,0.05,0.01,0.005,1.1,0.5,0.1,3.53795,76.7787
10,20,29.2425,0.05,0.01,0.005,1.1,0.5,0.1,1.17975,21.3707
10,20,31.7644,0.05,0.01,0.005,1.1,0.5,0.1,1.79583,41.0957
10,20,28.2855,0.05,0.01,0.005,1.1,0.5,0.1,1.13263,20.5893
10,20,34.3594,0.05,0.01,0.005,1.1,0.5,0.1,2.39845,42.1852
10,20,29.2618,0.05,0.01,0.005,1.1,0.5,0.1,5.65591,104.803
10,20,32.8757,0.05,0.01,0.005,1.1,0.5,0.1,1.32778,30.9
10,20,30.1195,0.05,0.01,0.005,1.1,0.5,0.1,1.49482,35.0146
10,20,33.7344,0.05,0.01,0.005,1.1,0.5,0.1,1.67814,39.0343
10,20,34.8592,0.05,0.01,0.005,1.1,0.5,0.1,1.21717,21.0104
10,20,28.2296,0.05,0.01,0.005,1.1,0.5,0.1,1.11428,20.1874
10,20,28.5448,0.05,0.01,0.005,1.1,0.5,0.1,1.1979,20.7089
10,20,29.6229,0.05,0.01,0.005,1.1,0.5,0.1,2.18472,38.136
10,20,26.7526,0.05,0.01,0.005,1.1,0.5,0.1,1.56353,36.0617
10,20,28.1851,0.05,0.01,0.005,1.1,0.5,0.1,2.50017,55.4866
10,20,29.5456,0.05,0.01,0.005,1.1,0.5,0.1,1.19403,27.7441
10,20,34.3489,0.05,0.01,0.005,1.1,0.5,0.1,1.39457,24.0014
10,20,33.3296,0.05,0.01,0.005,1.1,0.5,0.1,2.22014,50.0577
10,20,30.9255,0.05,0.01,0.005,1.1,0.5,0.1,1.94101,33.8867
10,20,26.8811,0.05,0.01,0.005,1.1,0.5,0.1,2.48854,43.1022
10,20,26.0417,0.05,0.01,0.005,1.1,0.5,0.1,1.83873,42.1601
10,20,26.79,0.05,0.01,0.005,1.1,0.5,0.1,1.13856,25.5933
10,20,30.1468,0.05,0.01,0.005,1.1,0.5,0.1,2.9532,65.0203
10,20,31.7025,0.05,0.01,0.005,1.1,0.5,0.1,1.48218,24.662
10,20,31.6873,0.05,0.01,0.005,1.1,0.5,0.1,2.26165,50.9327
10,20,31.1841,0.05,0.01,0.005,1.1,0.5,0.1,1.833,42.0983
10,20,30.221,0.05,0.01,0.005,1.1,0.5,0.1,1.07353,20.2182
10,20,28.4374,0.05,0.01,0.005,1.1,0.5,0.1,1.55792,26.232
10,20,32.0434,0.05,0.01,0.005,1.1,0.5,0.1,2.9159,51.9594
10,20,30.2509,0.05,0.01,0.005,1.1,0.5,0.1,1.94285,44.3047
10,20,32.8293,0.05,0.01,0.005,1.1,0.5,0.1,1.42814,24.6295
10,20,32.0816,0.05,0.01,0.005,1.1,0.5,0.1,1.18587,26.8633
10,20,26.5382,0.05,0.01,0.005,1.1,0.5,0.1,1.72789,39.7401
10,20,28.6731,0.05,0.01,0.005,1.1,0.5,0.1,1.18354,27.015
10,20,31.141,0.05,0.01,0.005,1.1,0.5,0.1,1.12373,25.5946
10,20,29.762,0.05,0.01,0.005,1.1,0.5,0.1,1.05384,22.146
10,20,34.118,0.05,0.01,0.005,1.1,0.5,0.1,1.23906,29.1671
10,20,33.2016,0.05,0.01,0.005,1.1,0.5,0.1,1.14264,26.2885
10,20,33.5262,0.05,0.01,0.005,1.1,0.5,0.1,1.02785,21.4839
10,20,33.8565,0.05,0.01,0.005,1.1,0.5,0.1,1.24999,22.1158
10,20,28.7822,0.05,0.01,0.005,1.1,0.5,0.1,2.17644,49.1571
10,20,28.7472,0.05,0.01,0.005,1.1,0.5,0.1,4.63838,85.8172
10,20,33.1813,0.05,0.01,0.005,1.1,0.5,0.1,1.75669,29.7314
10,20,29.2882,0.05,0.01,0.005,1.1,0.5,0.1,1.48997,34.6073
10,20,27.6417,0.05,0.01,0.005,1.1,0.5,0.1,3.81615,82.3476
10,20,31.8561,0.05,0.01,0.005,1.1,0.5,0.1,1.24746,29.181
10,20,31.363,0.05,0.01,0.005,1.1,0.5,0.1,1.03597,20.6429
10,20,27.0985,0.05,0.01,0.005,1.1,0.5,0.1,2.89541,51.0125
10,20,29.8298,0.05,0.01,0.005,1.1,0.5,0.1,4.44995,94.7608
10,20,28.1546,0.05,0.01,0.005,1.1,0.5,0.1,1.04997,23.9794
10,20,34.9663,0.05,0.01,0.005,1.1,0.5,0.1,2.06533,46.799
10,20,33.4067,0.05,0.01,0.005,1.1,0.5,0.1,1.02397,22.132
10,20,26.3395,0.05,0.01,0.005,1.1,0.5,0.1,2.43197,42.3518
10,20,34.388,0.05,0.01,0.005,1.1,0.5,0.1,1.15625,20.3057
10,20,30.947,0.05,0.01,0.005,1.1,0.5,0.1,1.11761,19.7968
10,20,30.3574,0.05,0.01,0.005,1.1,0.5,0.1,1.59052,27.1628
10,20,34.1953,0.05,0.01,0.005,1.1,0.5,0.1,1.10692,24.2198
10,20,32.1367,0.05,0.01,0.005,1.1,0.5,0.1,1.52832,35.4577
10,20,29.4539,0.05,0.01,0.005,1.1,0.5,0.1,3.8891,83.5932
10,20,31.1424,0.05,0.01,0.005,1.1,0.5,0.1,1.38184,31.9312
10,20,34.4948,0.05,0.01,0.005,1.1,0.5,0.1,3.51054,62.7199
10,20,31.7688,0.05,0.01,0.005,1.1,0.5,0.1,1.58486,26.6125
10,20,34.7787,0.05,0.01,0.005,1.1,0.5,0.1,2.67527,46.4291
10,20,27.0834,0.05,0.01,0.005,1.1,0.5,0.1,2.18291,49.2434
10,20,27.022,0.05,0.01,0.005,1.1,0.5,0.1,1.14904,20.796
10,20,34.1075,0.05,0.01,0.005,1.1,0.5,0.1,2.11413,35.8002
10,20,28.8458,0.05,0.01,0.005,1.1,0.5,0.1,2.13718,37.0202
10,20,29.0848,0.05,0.01,0.005,1.1,0.5,0.1,1.96775,32.9609
10,20,31.1167,0.05,0.01,0.005,1.1,0.5,0.1,1.16036,25.4803
10,20,29.2549,0.05,0.01,0.005,1.1,0.5,0.1,1.764,40.607
10,20,29.8394,0.05,0.01,0.005,1.1,0.5,0.1,1.54231,26.4043
10,20,31.3883,0.05,0.01,0.005,1.1,0.5,0.1,1.99126,34.3314
10,20,28.0533,0.05,0.01,0.005,1.1,0.5,0.1,1.23098,28.4688
10,20,26.3428,0.05,0.01,0.005,1.1,0.5,0.1,1.78514,30.2183
10,20,31.4715,0.05,0.01,0.005,1.1,0.5,0.1,3.13072,55.9739
10,20,28.1341,0.05,0.01,0.005,1.1,0.5,0.1,3.0121,52.8384
10,20,27.3418,0.05,0.01,0.005,1.1,0.5,0.1,2.60281,45.4941
10,20,32.3021,0.05,0.01,0.005,1.1,0.5,0.1,1.07215,21.2872
10,20,27.764,0.05,0.01,0.005,1.1,0.5,0.1,1.00886,21.3503
10,20,30.2138,0.05,0.01,0.005,1.1,0.5,0.1,1.67422,38.3683
10,20,31.5281,0.05,0.01,0.005,1.1,0.5,0.1,1.01638,20.3838
10,20,26.0429,0.05,0.01,0.005,1.1,0.5,0.1,0.944406,20.2634
10,20,26.1561,0.05,0.01,0.005,1.1,0.5,0.1,2.12487,47.8461
10,20,32.4658,0.05,0.01,0.005,1.1,0.5,0.1,1.58741,26.6136
10,20,34.1698,0.05,0.01,0.005,1.1,0.5,0.1,3.1608,55.9393
10,20,33.0079,0.05,0.01,0.005,1.1,0.5,0.1,2.28845,39.4414
10,20,34.1068,0.05,0.01,0.005,1.1,0.5,0.1,4.09637,74.3674
10,20,31.1334,0.05,0.01,0.005,1.1,0.5,0.1,2.40841,53.8885
10,20,34.7913,0.05,0.01,0.005,1.1,0.5,0.1,1.20557,21.2954
10,20,31.6053,0.05,0.01,0.005,1.1,0.5,0.1,2.54469,56.3646
10,20,32.6281,0.05,0.01,0.005,1.1,0.5,0.1,2.12772,36.3511
10,20,34.2555,0.05,0.01,0.005,1.1,0.5,0.1,2.55277,44.173
10,20,29.7435,0.05,0.01,0.005,1.1,0.5,0.1,3.31682,72.2451
10,20,26.8068,0.05,0.01,0.005,1.1,0.5,0.1,1.01521,22.3446
10,20,34.8307,0.05,0.01,0.005,1.1,0.5,0.1,5.76327,107.318
10,20,27.4468,0.05,0.01,0.005,1.1,0.5,0.1,1.32129,22.8084
10,20,33.893,0.05,0.01,0.005,1.1,0.5,0.1,1.53352,35.4339
10,20,32.785,0.05,0.01,0.005,1.1,0.5,0.1,2.22021,38.3232
10,20,30.7096,0.05,0.01,0.005,1.1,0.5,0.1,3.1242,55.583
10,20,33.1394,0.05,0.01,0.005,1.1,0.5,0.1,3.42536,61.5106
10,20,31.6899,0.05,0.01,0.005,1.1,0.5,0.1,1.13371,20.5344
10,20,34.7313,0.05,0.01,0.005,1.1,0.5,0.1,2.205,37.8524
10,20,29.8312,0.05,0.01,0.005,1.1,0.5,0.1,1.83139,42.0908
10,20,28.1277,0.05,0.01,0.005,1.1,0.5,0.1,1.08411,22.1299
10,20,31.7899,0.05,0.01,0.005,1.1,0.5,0.1,1.5775,36.386
10,20,29.8549,0.05,0.01,0.005,1.1,0.5,0.1,2.77749,48.3987
10,20,34.0085,0.05,0.01,0.005,1.1,0.5,0.1,3.09926,54.9826
10,20,29.4429,0.05,0.01,0.005,1.1,0.5,0.1,2.04838,34.7111
10,20,30.4654,0.05,0.01,0.005,1.1,0.5,0.1,1.07451,21.8861
10,20,28.1222,0.05,0.01,0.005,1.1,0.5,0.1,1.0952,22.1649
10,20,33.6144,0.05,0.01,0.005,1.1,0.5,0.1,2.11833,35.9159
10,20,28.6707,0.05,0.01,0.005,1.1,0.5,0.1,1.07692,21.4855
10,20,34.5688,0.05,0.01,0.005,1.1,0.5,0.1,4.59642,84.7451
10,20,27.7717,0.05,0.01,0.005,1.1,0.5,0.1,2.52505,55.7205
10,20,28.8771,0.05,0.01,0.005,1.1,0.5,0.1,2.65373,58.7047
10,20,27.3544,0.05,0.01,0.005,1.1,0.5,0.1,1.32899,30.9703
10,20,27.5677,0.05,0.01,0.005,1.1,0.5,0.1,1.21555,21.6667
10,20,31.2205,0.05,0.01,0.005,1.1,0.5,0.1,1.45802,24.6598
10,20,28.8841,0.05,0.01,0.005,1.1,0.5,0.1,2.07252,34.7665
10,20,30.2683,0.05,0.01,0.005,1.1,0.5,0.1,1.75297,29.8654
10,20,27.5128,0.05,0.01,0.005,1.1,0.5,0.1,1.50738,25.5621
10,20,27.3426,0.05,0.01,0.005,1.1,0.5,0.1,2.9108,63.9546
10,20,26.1005,0.05,0.01,0.005,1.1,0.5,0.1,2.20242,49.7604
10,20,29.3947,0.05,0.01,0.005,1.1,0.5,0.1,1.211,21.8309
10,20,34.2491,0.05,0.01,0.005,1.1,0.5,0.1,2.41262,41.0579
10,20,33.899,0.05,0.01,0.005,1.1,0.5,0.1,1.64498,38.1275
10,20,33.9004,0.05,0.01,0.005,1.1,0.5,0.1,2.36702,40.2014
10,20,28.717,0.05,0.01,0.005,1.1,0.5,0.1,2.70693,59.5013
10,20,27.1082,0.05,0.01,0.005,1.1,0.5,0.1,2.60396,57.9594
10,20,28.5736,0.05,0.01,0.005,1.1,0.5,0.1,1.502,25.1686
10,20,27.5882,0.05,0.01,0.005,1.1,0.5,0.1,1.80707,41.5426
10,20,26.5721,0.05,0.01,0.005,1.1,0.5,0.1,1.87644,43.0299
10,20,34.1978,0.05,0.01,0.005,1.1,0.5,0.1,1.5768,26.3992
10,20,34.2612,0.05,0.01,0.005,1.1,0.5,0.1,4.69525,99.6693
10,20,29.3571,0.05,0.01,0.005,1.1,0.5,0.1,1.39704,23.3644
10,20,34.7948,0.05,0.01,0.005,1.1,0.5,0.1,1.8635,31.6039
10,20,34.0592,0.05,0.01,0.005,1.1,0.5,0.1,1.38164,31.5189
10,20,32.5668,0.05,0.01,0.005,1.1,0.5,0.1,1.10427,22.2674
10,20,26.428,0.05,0.01,0.005,1.1,0.5,0.1,1.62827,37.9272
10,20,29.5425,0.05,0.01,0.005,1.1,0.5,0.1,0.974098,21.4779
10,20,30.2716,0.05,0.01,0.005,1.1,0.5,0.1,2.26248,38.8168
10,20,34.7255,0.05,0.01,0.005,1.1,0.5,0.1,4.7171,86.6081
10,20,28.1664,0.05,0.01,0.005,1.1,0.5,0.1,2.01462,34.5622
10,20,30.9507,0.05,0.01,0.005,1.1,0.5,0.1,1.61324,27.7925
10,20,29.6635,0.05,0.01,0.005,1.1,0.5,0.1,3.47225,62.3722
10,20,34.4298,0.05,0.01,0.005,1.1,0.5,0.1,1.02974,21.7146
10,20,30.3396,0.05,0.01,0.005,1.1,0.5,0.1,1.2722,21.4768
10,20,28.8842,0.05,0.01,0.005,1.1,0.5,0.1,1.97043,44.9082
10,20,27.0631,0.05,0.01,0.005,1.1,0.5,0.1,4.67532,99.3309
10,20,32.1879,0.05,0.01,0.005,1.1,0.5,0.1,4.85777,89.1358
10,20,32.0791,0.05,0.01,0.005,1.1,0.5,0.1,1.05116,23.4998
10,20,28.3055,0.05,0.01,0.005,1.1,0.5,0.1,2.88852,50.9184
10,20,28.6041,0.05,0.01,0.005,1.1,0.5,0.1,1.12415,20.1619
10,20,28.8844,0.05,0.01,0.005,1.1,0.5,0.1,1.36193,23.19
10,20,33.9085,0.05,0.01,0.005,1.1,0.5,0.1,1.05824,20.435
10,20,32.3797,0.05,0.01,0.005,1.1,0.5,0.1,2.20515,49.5176
10,20,33.6591,0.05,0.01,0.005,1.1,0.5,0.1,1.17004,20.6218
10,20,30.54,0.05,0.01,0.005,1.1,0.5,0.1,1.02272,21.3811
10,20,26.7952,0.05,0.01,0.005,1.1,0.5,0.1,1.24668,21.7563
10,20,29.6499,0.05,0.01,0.005,1.1,0.5,0.1,2.84291,49.2062
10,20,31.8914,0.05,0.01,0.005,1.1,0.5,0.1,1.65837,38.2853
10,20,29.2466,0.05,0.01,0.005,1.1,0.5,0.1,1.46587,24.7887
10,20,27.989,0.05,0.01,0.005,1.1,0.5,0.1,0.993443,20.0857
10,20,32.3997,0.05,0.01,0.005,1.1,0.5,0.1,3.82876,82.6032
10,20,32.3264,0.05,0.01,0.005,1.1,0.5,0.1,1.06513,23.4881
10,20,34.265,0.05,0.01,0.005,1.1,0.5,0.1,2.92118,51.2924
10,20,29.0464,0.05,0.01,0.005,1.1,0.5,0.1,1.76393,40.686
10,20,32.1977,0.05,0.01,0.005,1.1,0.5,0.1,1.0721,22.1734
10,20,28.4077,0.05,0.01,0.005,1.1,0.5,0.1,2.56423,44.9798
10,20,27.0756,0.05,0.01,0.005,1.1,0.5,0.1,2.7075,59.6598
10,20,31.0851,0.05,0.01,0.005,1.1,0.5,0.1,3.59426,77.647
10,20,34.3856,0.05,0.01,0.005,1.1,0.5,0.1,1.67574,28.153
10,20,27.1108,0.05,0.01,0.005,1.1,0.5,0.1,0.996634,21.8678
10,20,26.1618,0.05,0.01,0.005,1.1,0.5,0.1,1.11009,25.7186
10,20,28.3274,0.05,0.01,0.005,1.1,0.5,0.1,1.10924,20.8476
10,20,32.3046,0.05,0.01,0.005,1.1,0.5,0.1,4.10687,75.1108
10,20,28.9546,0.05,0.01,0.005,1.1,0.5,0.1,1.25415,28.9458
10,20,33.7721,0.05,0.01,0.005,1.1,0.5,0.1,2.753,48.1328
10,20,34.3179,0.05,0.01,0.005,1.1,0.5,0.1,1.05639,22.8092
10,20,34.0065,0.05,0.01,0.005,1.1,0.5,0.1,1.90334,43.436
10,20,27.5864,0.05,0.01,0.005,1.1,0.5,0.1,2.28704,51.5223
10,20,33.9204,0.05,0.01,0.005,1.1,0.5,0.1,1.59786,36.9636
10,20,34.2014,0.05,0.01,0.005,1.1,0.5,0.1,2.0932,36.336
10,20,29.7089,0.05,0.01,0.005,1.1,0.5,0.1,1.63569,37.7093
10,20,26.566,0.05,0.01,0.005,1.1,0.5,0.1,1.66156,38.2522
10,20,30.2677,0.05,0.01,0.005,1.1,0.5,0.1,1.04487,21.7856
10,20,26.6493,0.05,0.01,0.005,1.1,0.5,0.1,2.03982,46.3096
10,20,29.1338,0.05,0.01,0.005,1.1,0.5,0.1,2.31607,52.0849
10,20,29.3994,0.05,0.01,0.005,1.1,0.5,0.1,1.21445,28.09
10,20,33.2144,0.05,0.01,0.005,1.1,0.5,0.1,7.35393,139.354
10,20,32.7248,0.05,0.01,0.005,1.1,0.5,0.1,1.70799,29.3061
10,20,30.9741,0.05,0.01,0.005,1.1,0.5,0.1,3.05564,53.7811
10,20,26.6576,0.05,0.01,0.005,1.1,0.5,0.1,1.23301,28.5867
10,20,34.7639,0.05,0.01,0.005,1.1,0.5,0.1,1.12271,25.1526
10,20,26.0354,0.05,0.01,0.005,1.1,0.5,0.1,2.16289,48.7014
10,20,28.193,0.05,0.01,0.005,1.1,0.5,0.1,5.29504,98.0452
10,20,26.715,0.05,0.01,0.005,1.1,0.5,0.1,1.28977,30.2254
10,20,30.85,0.05,0.01,0.005,1.1,0.5,0.1,1.62955,27.5677
10,20,26.4206,0.05,0.01,0.005,1.1,0.5,0.1,2.9876,53.2963
10,20,33.5447,0.05,0.01,0.005,1.1,0.5,0.1,1.04869,21.1273
10,20,31.7013,0.05,0.01,0.005,1.1,0.5,0.1,1.27021,28.8014
10,20,33.6659,0.05,0.01,0.005,1.1,0.5,0.1,1.72421,39.7616
10,20,31.1108,0.05,0.01,0.005,1.1,0.5,0.1,3.90003,71.452
10,20,34.1984,0.05,0.01,0.005,1.1,0.5,0.1,4.19512,76.4416
10,20,27.3174,0.05,0.01,0.005,1.1,0.5,0.1,1.33877,23.0563
10,20,32.3196,0.05,0.01,0.005,1.1,0.5,0.1,5.47674,102.035
10,20,34.1456,0.05,0.01,0.005,1.1,0.5,0.1,1.55919,26.5424
10,20,31.4364,0.05,0.01,0.005,1.1,0.5,0.1,3.21226,57.5039
10,20,28.8048,0.05,0.01,0.005,1.1,0.5,0.1,1.24453,28.4564
10,20,32.036,0.05,0.01,0.005,1.1,0.5,0.1,1.0409,22.4806
10,20,33.2738,0.05,0.01,0.005,1.1,0.5,0.1,0.993483,20.0858
10,20,32.8192,0.05,0.01,0.005,1.1,0.5,0.1,1.03337,21.922
10,20,33.5143,0.05,0.01,0.005,1.1,0.5,0.1,3.03093,53.9191
10,20,30.1043,0.05,0.01,0.005,1.1,0.5,0.1,1.08479,21.5176
10,20,30.627,0.05,0.01,0.005,1.1,0.5,0.1,1.1068,24.9525
10,20,31.9559,0.05,0.01,0.005,1.1,0.5,0.1,2.34848,52.7538
10,20,31.0312,0.05,0.01,0.005,1.1,0.5,0.1,1.06978,20.2451
10,20,32.4804,0.05,0.01,0.005,1.1,0.5,0.1,1.27209,22.5343
10,20,30.1722,0.05,0.01,0.005,1.1,0.5,0.1,1.226,28.1861
10,20,32.2033,0.05,0.01,0.005,1.1,0.5,0.1,1.91385,43.4051
10,20,27.347,0.05,0.01,0.005,1.1,0.5,0.1,1.94763,33.5697
10,20,31.9786,0.05,0.01,0.005,1.1,0.5,0.1,1.34614,31.3417
10,20,33.1145,0.05,0.01,0.005,1.1,0.5,0.1,3.71639,79.51
10,20,34.5311,0.05,0.01,0.005,1.1,0.5,0.1,3.29838,59.2987
10,20,34.0049,0.05,0.01,0.005,1.1,0.5,0.1,3.4561,62.3035
10,20,28.9989,0.05,0.01,0.005,1.1,0.5,0.1,3.02158,53.7932
10,20,27.4962,0.05,0.01,0.005,1.1,0.5,0.1,2.90426,63.8069
10,20,26.0664,0.05,0.01,0.005,1.1,0.5,0.1,1.06348,23.7754
10,20,30.5437,0.05,0.01,0.005,1.1,0.5,0.1,1.18999,21.4998
10,20,27.6725,0.05,0.01,0.005,1.1,0.5,0.1,1.07584,24.5895
10,20,33.7437,0.05,0.01,0.005,1.1,0.5,0.1,1.14555,21.1342
10,20,29.7985,0.05,0.01,0.005,1.1,0.5,0.1,2.55462,56.8451
10,20,28.4801,0.05,0.01,0.005,1.1,0.5,0.1,1.22017,21.6677
10,20,27.8156,0.05,0.01,0.005,1.1,0.5,0.1,1.2297,28.6469
10,20,26.2225,0.05,0.01,0.005,1.1,0.5,0.1,1.13161,25.4955
10,20,26.1241,0.05,0.01,0.005,1.1,0.5,0.1,1.57988,27.2799
10,20,31.1431,0.05,0.01,0.005,1.1,0.5,0.1,1.08632,23.5808
10,20,30.1997,0.05,0.01,0.005,1.1,0.5,0.1,4.91843,90.7624
10,20,31.0091,0.05,0.01,0.005,1.1,0.5,0.1,1.26739,29.2662
10,20,33.3546,0.05,0.01,0.005,1.1,0.5,0.1,1.06745,23.864
10,20,31.7087,0.05,0.01,0.005,1.1,0.5,0.1,1.31495,30.6234
10,20,31.2502,0.05,0.01,0.005,1.1,0.5,0.1,2.78806,61.9268
10,20,29.4036,0.05,0.01,0.005,1.1,0.5,0.1,1.88144,43.1349
10,20,31.3624,0.05,0.01,0.005,1.1,0.5,0.1,1.37576,23.7958
10,20,26.6424,0.05,0.01,0.005,1.1,0.5,0.1,1.99665,45.4425
10,20,30.4827,0.05,0.01,0.005,1.1,0.5,0.1,1.06031,20.878
10,20,31.5438,0.05,0.01,0.005,1.1,0.5,0.1,2.02759,34.3872
10,20,28.7171,0.05,0.01,0.005,1.1,0.5,0.1,1.31537,22.1022
10,20,34.1788,0.05,0.01,0.005,1.1,0.5,0.1,1.29069,29.2015
10,20,29.8535,0.05,0.01,0.005,1.1,0.5,0.1,1.12468,25.0581
10,20,34.8391,0.05,0.01,0.005,1.1,0.5,0.1,1.2229,28.3206
10,20,34.8526,0.05,0.01,0.005,1.1,0.5,0.1,1.31032,22.9414
10,20,29.9757,0.05,0.01,0.005,1.1,0.5,0.1,1.35967,31.3675
10,20,29.8491,0.05,0.01,0.005,1.1,0.5,0.1,2.02935,46.1471
10,20,30.0524,0.05,0.01,0.005,1.1,0.5,0.1,1.04281,21.9433
10,20,27.331,0.05,0.01,0.005,1.1,0.5,0.1,1.67996,38.6842
10,20,29.4879,0.05,0.01,0.005,1.1,0.5,0.1,1.21408,28.3269
10,20,30.4616,0.05,0.01,0.005,1.1,0.5,0.1,1.50622,25.6751
10,20,33.1456,0.05,0.01,0.005,1.1,0.5,0.1,1.19641,27.5462
10,20,33.642,0.05,0.01,0.005,1.1,0.5,0.1,3.30092,59.1285
10,20,29.8135,0.05,0.01,0.005,1.1,0.5,0.1,1.65203,27.5382
10,20,33.2559,0.05,0.01,0.005,1.1,0.5,0.1,4.06203,73.7685
10,20,33.832,0.05,0.01,0.005,1.1,0.5,0.1,1.79917,41.3123
10,20,27.4652,0.05,0.01,0.005,1.1,0.5,0.1,1.65112,28.296
10,20,34.7051,0.05,0.01,0.005,1.1,0.5,0.1,4.2239,77.6725
10,20,33.9529,0.05,0.01,0.005,1.1,0.5,0.1,3.12393,55.5143
10,20,28.6587,0.05,0.01,0.005,1.1,0.5,0.1,1.03275,22.0647
10,20,30.9411,0.05,0.01,0.005,1.1,0.5,0.1,2.13356,36.7713
10,20,34.6725,0.05,0.01,0.005,1.1,0.5,0.1,1.36936,23.2997
10,20,34.4361,0.05,0.01,0.005,1.1,0.5,0.1,1.09598,20.6224
10,20,27.0523,0.05,0.01,0.005,1.1,0.5,0.1,3.18261,57.0018
10,20,32.593,0.05,0.01,0.005,1.1,0.5,0.1,1.72926,29.4571
10,20,32.7182,0.05,0.01,0.005,1.1,0.5,0.1,1.10335,21.8761
10,20,31.6676,0.05,0.01,0.005,1.1,0.5,0.1,1.62435,37.4218
10,20,31.1936,0.05,0.01,0.005,1.1,0.5,0.1,1.04897,20.1529
10,20,26.5068,0.05,0.01,0.005,1.1,0.5,0.1,1.2206,28.3638
10,20,30.2431,0.05,0.01,0.005,1.1,0.5,0.1,1.03221,21.8696
10,20,32.5593,0.05,0.01,0.005,1.1,0.5,0.1,2.43305,41.9728
10,20,26.2932,0.05,0.01,0.005,1.1,0.5,0.1,1.19709,21.8549
10,20,29.2473,0.05,0.01,0.005,1.1,0.5,0.1,1.62564,37.4036
10,20,27.1868,0.05,0.01,0.005,1.1,0.5,0.1,3.17693,57.0877
10,20,32.7309,0.05,0.01,0.005,1.1,0.5,0.1,1.12637,25.4606
10,20,27.5242,0.05,0.01,0.005,1.1,0.5,0.1,1.74439,29.7619
10,20,30.1446,0.05,0.01,0.005,1.1,0.5,0.1,1.28237,22.4846
10,20,32.506,0.05,0.01,0.005,1.1,0.5,0.1,3.7344,80.4141
10,20,32.3346,0.05,0.01,0.005,1.1,0.5,0.1,1.03885,20.3601
10,20,28.812,0.05,0.01,0.005,1.1,0.5,0.1,1.76945,40.904
10,20,32.5801,0.05,0.01,0.005,1.1,0.5,0.1,2.06881,35.0103
10,20,30.3378,0.05,0.01,0.005,1.1,0.5,0.1,1.18239,21.1104
10,20,32.5573,0.05,0.01,0.005,1.1,0.5,0.1,1.68399,28.7627
10,20,29.9563,0.05,0.01,0.005,1.1,0.5,0.1,1.05154,23.53
10,20,29.9933,0.05,0.01,0.005,1.1,0.5,0.1,1.34062,30.9821
10,20,28.0961,0.05,0.01,0.005,1.1,0.5,0.1,1.48002,24.6964
10,20,28.9106,0.05,0.01,0.005,1.1,0.5,0.1,1.83797,42.2025
10,20,33.2756,0.05,0.01,0.005,1.1,0.5,0.1,0.9586,20.8159
10,20,31.9703,0.05,0.01,0.005,1.1,0.5,0.1,3.78628,69.1558
10,20,28.764,0.05,0.01,0.005,1.1,0.5,0.1,1.53295,25.8192
10,20,27.3744,0.05,0.01,0.005,1.1,0.5,0.1,2.9934,65.5806
10,20,28.4486,0.05,0.01,0.005,1.1,0.5,0.1,1.0948,24.7321
10,20,30.9304,0.05,0.01,0.005,1.1,0.5,0.1,1.72106,39.7296
10,20,31.0994,0.05,0.01,0.005,1.1,0.5,0.1,1.07773,19.7624
10,20,33.3934,0.05,0.01,0.005,1.1,0.5,0.1,1.05192,20.9811
10,20,31.1526,0.05,0.01,0.005,1.1,0.5,0.1,1.91261,33.3444
10,20,29.8149,0.05,0.01,0.005,1.1,0.5,0.1,1.38161,23.57
10,20,27.786,0.05,0.01,0.005,1.1,0.5,0.1,2.83921,62.8565
10,20,30.9245,0.05,0.01,0.005,1.1,0.5,0.1,2.18343,37.1955
10,20,30.2542,0.05,0.01,0.005,1.1,0.5,0.1,1.58929,27.1362
10,20,32.4855,0.05,0.01,0.005,1.1,0.5,0.1,2.56911,44.4918
10,20,28.3899,0.05,0.01,0.005,1.1,0.5,0.1,1.08375,24.8663
10,20,34.2358,0.05,0.01,0.005,1.1,0.5,0.1,1.04749,20.6074
10,20,26.3852,0.05,0.01,0.005,1.1,0.5,0.1,1.62287,26.9404
10,20,27.5814,0.05,0.01,0.005,1.1,0.5,0.1,2.3653,53.0244
10,20,29.5833,0.05,0.01,0.005,1.1,0.5,0.1,1.06497,20.5194
10,20,32.453,0.05,0.01,0.005,1.1,0.5,0.1,1.77373,40.712
10,20,26.6531,0.05,0.01,0.005,1.1,0.5,0.1,1.50766,35.369
10,20,34.8196,0.05,0.01,0.005,1.1,0.5,0.1,0.992582,20.8541
10,20,29.8038,0.05,0.01,0.005,1.1,0.5,0.1,1.18186,20.6081
10,20,31.6618,0.05,0.01,0.005,1.1,0.5,0.1,1.09886,21.6304
10,20,30.6589,0.05,0.01,0.005,1.1,0.5,0.1,2.11011,36.1982
10,20,29.6204,0.05,0.01,0.005,1.1,0.5,0.1,2.28055,51.0724
10,20,31.377,0.05,0.01,0.005,1.1,0.5,0.1,1.19905,27.8868
10,20,26.2181,0.05,0.01,0.005,1.1,0.5,0.1,1.73841,39.7934
10,20,28.5103,0.05,0.01,0.005,1.1,0.5,0.1,1.27076,29.8187
10,20,26.6853,0.05,0.01,0.005,1.1,0.5,0.1,1.08479,21.2268
10,20,34.9933,0.05,0.01,0.005,1.1,0.5,0.1,1.17318,27.3384
10,20,28.7254,0.05,0.01,0.005,1.1,0.5,0.1,2.59507,45.443
10,20,32.2394,0.05,0.01,0.005,1.1,0.5,0.1,2.0504,46.5927
10,20,33.1215,0.05,0.01,0.005,1.1,0.5,0.1,1.36439,23.58
10,20,26.5313,0.05,0.01,0.005,1.1,0.5,0.1,1.05335,22.4511
10,20,29.7364,0.05,0.01,0.005,1.1,0.5,0.1,1.99798,34.4831
10,20,31.8017,0.05,0.01,0.005,1.1,0.5,0.1,1.05962,23.4796
10,20,34.9367,0.05,0.01,0.005,1.1,0.5,0.1,5.75047,107.739
10,20,33.2899,0.05,0.01,0.005,1.1,0.5,0.1,3.64832,65.6572
10,20,34.5071,0.05,0.01,0.005,1.1,0.5,0.1,4.26529,77.7703
10,20,26.4086,0.05,0.01,0.005,1.1,0.5,0.1,1.17235,20.5678
10,20,30.5593,0.05,0.01,0.005,1.1,0.5,0.1,0.992552,20.4605
10,20,26.2929,0.05,0.01,0.005,1.1,0.5,0.1,1.27504,21.7294
10,20,34.4513,0.05,0.01,0.005,1.1,0.5,0.1,1.3827,23.8124
10,20,34.3591,0.05,0.01,0.005,1.1,0.5,0.1,3.99939,72.5206
10,20,27.7263,0.05,0.01,0.005,1.1,0.5,0.1,1.16756,21.5487
10,20,27.5297,0.05,0.01,0.005,1.1,0.5,0.1,1.51172,35.0091
10,20,26.7833,0.05,0.01,0.005,1.1,0.5,0.1,1.07191,20.3931
10,20,33.01,0.05,0.01,0.005,1.1,0.5,0.1,1.92321,33.1123
10,20,28.7786,0.05,0.01,0.005,1.1,0.5,0.1,1.51295,35.1619
10,20,30.1942,0.05,0.01,0.005,1.1,0.5,0.1,2.45402,54.6095
10,20,29.6125,0.05,0.01,0.005,1.1,0.5,0.1,1.13821,25.819
10,20,32.7422,0.05,0.01,0.005,1.1,0.5,0.1,2.28423,40.4229
10,20,29.9624,0.05,0.01,0.005,1.1,0.5,0.1,3.04301,53.9794
10,20,32.8342,0.05,0.01,0.005,1.1,0.5,0.1,1.01593,19.8705
10,20,30.2239,0.05,0.01,0.005,1.1,0.5,0.1,1.85027,42.3771
10,20,26.1605,0.05,0.01,0.005,1.1,0.5,0.1,1.5368,35.7585
10,20,33.5414,0.05,0.01,0.005,1.1,0.5,0.1,1.53402,26.0837
10,20,32.467,0.05,0.01,0.005,1.1,0.5,0.1,1.09298,24.0712
10,20,26.6646,0.05,0.01,0.005,1.1,0.5,0.1,2.97839,65.5153
10,20,32.1946,0.05,0.01,0.005,1.1,0.5,0.1,1.29808,21.969
10,20,30.6649,0.05,0.01,0.005,1.1,0.5,0.1,1.10008,20.733
10,20,34.9742,0.05,0.01,0.005,1.1,0.5,0.1,1.18909,28.2307
10,20,29.6147,0.05,0.01,0.005,1.1,0.5,0.1,1.31557,30.7497
10,20,33.9999,0.05,0.01,0.005,1.1,0.5,0.1,1.1733,26.2315
10,20,31.9965,0.05,0.01,0.005,1.1,0.5,0.1,1.22602,28.2633
10,20,30.4368,0.05,0.01,0.005,1.1,0.5,0.1,1.30535,30.4739
10,20,28.5415,0.05,0.01,0.005,1.1,0.5,0.1,1.31721,30.5977
10,20,26.2883,0.05,0.01,0.005,1.1,0.5,0.1,1.54949,36.0947
10,20,32.2897,0.05,0.01,0.005,1.1,0.5,0.1,1.05284,23.513
10,20,26.8801,0.05,0.01,0.005,1.1,0.5,0.1,2.99584,65.7946
10,20,30.9835,0.05,0.01,0.005,1.1,0.5,0.1,3.23798,57.7679
10,20,34.2841,0.05,0.01,0.005,1.1,0.5,0.1,7.31969,138.609
10,20,31.5773,0.05,0.01,0.005,1.1,0.5,0.1,1.72368,39.7545
10,20,33.051,0.05,0.01,0.005,1.1,0.5,0.1,2.26337,39.3332
10,20,28.3596,0.05,0.01,0.005,1.1,0.5,0.1,1.46524,24.9926
10,20,29.2307,0.05,0.01,0.005,1.1,0.5,0.1,1.05751,22.8376
10,20,31.8025,0.05,0.01,0.005,1.1,0.5,0.1,1.02474,20.7978
10,20,34.5291,0.05,0.01,0.005,1.1,0.5,0.1,5.03849,93.7059
10,20,30.8254,0.05,0.01,0.005,1.1,0.5,0.1,1.40134,23.4658
10,20,29.1723,0.05,0.01,0.005,1.1,0.5,0.1,1.88983,43.2812
10,20,27.9658,0.05,0.01,0.005,1.1,0.5,0.1,1.04998,20.877
10,20,26.2512,0.05,0.01,0.005,1.1,0.5,0.1,1.24106,28.7851
10,20,32.6625,0.05,0.01,0.005,1.1,0.5,0.1,0.976758,20.5048
10,20,34.2576,0.05,0.01,0.005,1.1,0.5,0.1,1.12257,25.0897
10,20,30.3203,0.05,0.01,0.005,1.1,0.5,0.1,1.54815,26.1348
10,20,30.0374,0.05,0.01,0.005,1.1,0.5,0.1,1.78612,30.1927
10,20,32.3338,0.05,0.01,0.005,1.1,0.5,0.1,1.17654,21.3346
10,20,33.3948,0.05,0.01,0.005,1.1,0.5,0.1,1.67507,28.5054
10,20,26.3363,0.05,0.01,0.005,1.1,0.5,0.1,1.51377,25.5701
10,20,28.6681,0.05,0.01,0.005,1.1,0.5,0.1,1.03241,19.5968
10,20,33.7244,0.05,0.01,0.005,1.1,0.5,0.1,1.08882,24.2037
10,20,33.2926,0.05,0.01,0.005,1.1,0.5,0.1,1.89303,32.3983
10,20,32.2325,0.05,0.01,0.005,1.1,0.5,0.1,1.2265,21.7658
10,20,33.2059,0.05,0.01,0.005,1.1,0.5,0.1,1.28422,29.35
10,20,33.3829,0.05,0.01,0.005,1.1,0.5,0.1,1.85076,31.9705
10,20,29.6309,0.05,0.01,0.005,1.1,0.5,0.1,2.80526,62.0522
10,20,33.6359,0.05,0.01,0.005,1.1,0.5,0.1,5.21076,96.7477
10,20,29.0738,0.05,0.01,0.005,1.1,0.5,0.1,3.94057,84.5174
10,20,32.3903,0.05,0.01,0.005,1.1,0.5,0.1,1.07893,23.6288
10,20,26.9987,0.05,0.01,0.005,1.1,0.5,0.1,1.05886,21.5291
10,20,28.4345,0.05,0.01,0.005,1.1,0.5,0.1,1.9624,44.8248
10,20,30.6055,0.05,0.01,0.005,1.1,0.5,0.1,1.23038,29.0741
10,20,30.004,0.05,0.01,0.005,1.1,0.5,0.1,2.81393,49.6403
10,20,29.4011,0.05,0.01,0.005,1.1,0.5,0.1,1.4575,34.0867
10,20,26.9799,0.05,0.01,0.005,1.1,0.5,0.1,1.30307,30.3683
10,20,28.8059,0.05,0.01,0.005,1.1,0.5,0.1,5.27148,98.4059
10,20,33.7594,0.05,0.01,0.005,1.1,0.5,0.1,7.98878,151.788
10,20,32.1737,0.05,0.01,0.005,1.1,0.5,0.1,2.14044,48.1445
10,20,32.3677,0.05,0.01,0.005,1.1,0.5,0.1,0.977838,21.5032
10,20,31.1995,0.05,0.01,0.005,1.1,0.5,0.1,1.69925,39.5816
10,20,30.4215,0.05,0.01,0.005,1.1,0.5,0.1,1.04915,21.2156
10,20,29.8057,0.05,0.01,0.005,1.1,0.5,0.1,1.44515,34.0645
10,20,26.6139,0.05,0.01,0.005,1.1,0.5,0.1,2.36366,52.8565
10,20,27.3899,0.05,0.01,0.005,1.1,0.5,0.1,1.39884,32.889
10,20,31.2783,0.05,0.01,0.005,1.1,0.5,0.1,2.18468,49.1146
10,20,31.8641,0.05,0.01,0.005,1.1,0.5,0.1,1.09498,21.4754
10,20,26.7845,0.05,0.01,0.005,1.1,0.5,0.1,1.75847,40.4927
10,20,34.7702,0.05,0.01,0.005,1.1,0.5,0.1,1.48671,34.4036
10,20,27.6783,0.05,0.01,0.005,1.1,0.5,0.1,1.26941,21.7322
10,20,28.7861,0.05,0.01,0.005,1.1,0.5,0.1,1.69877,39.3102
10,20,28.1721,0.05,0.01,0.005,1.1,0.5,0.1,1.13117,26.3547
10,20,28.5238,0.05,0.01,0.005,1.1,0.5,0.1,1.30799,30.4424
10,20,27.7386,0.05,0.01,0.005,1.1,0.5,0.1,1.01399,21.886
10,20,28.9194,0.05,0.01,0.005,1.1,0.5,0.1,1.03113,21.0486
10,20,34.7985,0.05,0.01,0.005,1.1,0.5,0.1,1.05478,20.6418
10,20,29.0794,0.05,0.01,0.005,1.1,0.5,0.1,4.17027,76.5793
10,20,26.8021,0.05,0.01,0.005,1.1,0.5,0.1,1.03533,22.1778
10,20,29.5746,0.05,0.01,0.005,1.1,0.5,0.1,4.94252,104.499
10,20,31.2412,0.05,0.01,0.005,1.1,0.5,0.1,1.53281,35.625
10,20,31.665,0.05,0.01,0.005,1.1,0.5,0.1,1.93978,44.274
10,20,26.7353,0.05,0.01,0.005,1.1,0.5,0.1,3.43752,74.6859
10,20,33.1525,0.05,0.01,0.005,1.1,0.5,0.1,1.75879,29.8233
10,20,27.7826,0.05,0.01,0.005,1.1,0.5,0.1,1.91366,43.7443
10,20,31.7841,0.05,0.01,0.005,1.1,0.5,0.1,1.96943,33.5527
10,20,27.825,0.05,0.01,0.005,1.1,0.5,0.1,1.01077,22.6313
10,20,31.6608,0.05,0.01,0.005,1.1,0.5,0.1,4.72012,86.3499
10,20,29.1557,0.05,0.01,0.005,1.1,0.5,0.1,1.07924,22.8181
10,20,32.2839,0.05,0.01,0.005,1.1,0.5,0.1,1.15115,23.1362
10,20,30.3112,0.05,0.01,0.005,1.1,0.5,0.1,1.25107,21.8526
10,20,27.9542,0.05,0.01,0.005,1.1,0.5,0.1,1.88511,32.2299
10,20,29.0703,0.05,0.01,0.005,1.1,0.5,0.1,1.65632,27.7975
10,20,26.8991,0.05,0.01,0.005,1.1,0.5,0.1,1.33702,22.9893
10,20,32.5808,0.05,0.01,0.005,1.1,0.5,0.1,1.14175,25.7463
10,20,28.4985,0.05,0.01,0.005,1.1,0.5,0.1,1.01651,21.7015
10,20,26.7494,0.05,0.01,0.005,1.1,0.5,0.1,1.9302,43.8332
10,20,32.7875,0.05,0.01,0.005,1.1,0.5,0.1,1.86269,31.7971
10,20,34.7207,0.05,0.01,0.005,1.1,0.5,0.1,1.08576,21.1206
10,20,32.1901,0.05,0.01,0.005,1.1,0.5,0.1,1.25392,21.983
10,20,27.7328,0.05,0.01,0.005,1.1,0.5,0.1,1.42266,33.0099
10,20,34.9706,0.05,0.01,0.005,1.1,0.5,0.1,3.6929,66.7988
10,20,29.9924,0.05,0.01,0.005,1.1,0.5,0.1,2.05679,35.7846
10,20,30.9467,0.05,0.01,0.005,1.1,0.5,0.1,0.989238,20.5889
10,20,27.9883,0.05,0.01,0.005,1.1,0.5,0.1,2.38147,53.0602
10,20,31.2807,0.05,0.01,0.005,1.1,0.5,0.1,1.50408,35.0512
10,20,30.359,0.05,0.01,0.005,1.1,0.5,0.1,1.38619,32.3542
10,20,28.366,0.05,0.01,0.005,1.1,0.5,0.1,2.88664,51.3648
10,20,30.01,0.05,0.01,0.005,1.1,0.5,0.1,2.13428,48.2998
10,20,27.6062,0.05,0.01,0.005,1.1,0.5,0.1,1.82005,31.0568
10,20,32.9034,0.05,0.01,0.005,1.1,0.5,0.1,1.24402,22.2667
10,20,26.9571,0.05,0.01,0.005,1.1,0.5,0.1,1.15541,26.2897
10,20,28.6931,0.05,0.01,0.005,1.1,0.5,0.1,1.26703,21.0991
10,20,26.9397,0.05,0.01,0.005,1.1,0.5,0.1,1.06729,20.3871
10,20,28.3048,0.05,0.01,0.005,1.1,0.5,0.1,2.47642,55.2068
10,20,27.0552,0.05,0.01,0.005,1.1,0.5,0.1,1.15231,26.4759
10,20,31.6144,0.05,0.01,0.005,1.1,0.5,0.1,1.08822,20.1922
10,20,31.582,0.05,0.01,0.005,1.1,0.5,0.1,2.80278,49.781
10,20,27.7236,0.05,0.01,0.005,1.1,0.5,0.1,1.36471,31.8848
10,20,33.806,0.05,0.01,0.005,1.1,0.5,0.1,1.48284,34.1813
10,20,29.9305,0.05,0.01,0.005,1.1,0.5,0.1,1.31181,30.7615
10,20,29.7657,0.05,0.01,0.005,1.1,0.5,0.1,2.45574,44.2156
10,20,28.863,0.05,0.01,0.005,1.1,0.5,0.1,2.12265,47.6548
10,20,32.6747,0.05,0.01,0.005,1.1,0.5,0.1,0.98187,20.312
10,20,32.0279,0.05,0.01,0.005,1.1,0.5,0.1,1.38301,32.352
10,20,31.1512,0.05,0.01,0.005,1.1,0.5,0.1,6.05062,113.779
10,20,29.9953,0.05,0.01,0.005,1.1,0.5,0.1,1.12922,20.4237
10,20,26.8511,0.05,0.01,0.005,1.1,0.5,0.1,1.69021,38.9032
10,20,27.6274,0.05,0.01,0.005,1.1,0.5,0.1,1.01063,20.7674
10,20,33.6003,0.05,0.01,0.005,1.1,0.5,0.1,1.4093,24.4495
10,20,28.2699,0.05,0.01,0.005,1.1,0.5,0.1,5.6567,105.11
10,20,26.3845,0.05,0.01,0.005,1.1,0.5,0.1,2.01526,34.5141
10,20,28.8726,0.05,0.01,0.005,1.1,0.5,0.1,2.43115,54.2909
10,20,29.1518,0.05,0.01,0.005,1.1,0.5,0.1,2.15229,48.5518
10,20,30.7519,0.05,0.01,0.005,1.1,0.5,0.1,1.63791,28.0156
10,20,33.9447,0.05,0.01,0.005,1.1,0.5,0.1,4.11337,76.2106
10,20,32.1025,0.05,0.01,0.005,1.1,0.5,0.1,4.26033,77.4239
10,20,32.8562,0.05,0.01,0.005,1.1,0.5,0.1,2.04877,35.1438
10,20,32.9741,0.05,0.01,0.005,1.1,0.5,0.1,3.009,53.5824
10,20,26.8389,0.05,0.01,0.005,1.1,0.5,0.1,1.45485,24.3113
10,20,32.4401,0.05,0.01,0.005,1.1,0.5,0.1,1.31348,30.4137
10,20,28.2697,0.05,0.01,0.005,1.1,0.5,0.1,2.50546,43.7249
10,20,31.0224,0.05,0.01,0.005,1.1,0.5,0.1,2.40537,53.8584
10,20,30.4639,0.05,0.01,0.005,1.1,0.5,0.1,1.35148,31.5284
10,20,28.0238,0.05,0.01,0.005,1.1,0.5,0.1,1.20491,27.4182
10,20,28.8528,0.05,0.01,0.005,1.1,0.5,0.1,1.76403,29.9407
10,20,29.9022,0.05,0.01,0.005,1.1,0.5,0.1,1.25857,22.0333
10,20,31.3165,0.05,0.01,0.005,1.1,0.5,0.1,2.52919,43.2616
10,20,28.7141,0.05,0.01,0.005,1.1,0.5,0.1,2.56287,56.8827
10,20,33.682,0.05,0.01,0.005,1.1,0.5,0.1,1.16672,26.9897
10,20,31.0024,0.05,0.01,0.005,1.1,0.5,0.1,1.85704,31.3459
10,20,31.4917,0.05,0.01,0.005,1.1,0.5,0.1,1.41705,23.9518
10,20,28.8051,0.05,0.01,0.005,1.1,0.5,0.1,1.41868,24.5583
10,20,28.9121,0.05,0.01,0.005,1.1,0.5,0.1,1.74675,39.8033
10,20,28.902,0.05,0.01,0.005,1.1,0.5,0.1,2.33956,40.9087
10,20,30.4287,0.05,0.01,0.005,1.1,0.5,0.1,1.16361,22.4626
10,20,34.5515,0.05,0.01,0.005,1.1,0.5,0.1,3.06294,54.7059
10,20,29.0858,0.05,0.01,0.005,1.1,0.5,0.1,1.0601,23.2988
10,20,32.3515,0.05,0.01,0.005,1.1,0.5,0.1,2.8514,62.67
10,20,27.9154,0.05,0.01,0.005,1.1,0.5,0.1,1.13471,26.3841
10,20,32.3502,0.05,0.01,0.005,1.1,0.5,0.1,0.992042,21.3531
10,20,26.7494,0.05,0.01,0.005,1.1,0.5,0.1,2.17705,38.3465
10,20,27.8295,0.05,0.01,0.005,1.1,0.5,0.1,1.14079,26.1442
10,20,30.937,0.05,0.01,0.005,1.1,0.5,0.1,1.26097,29.5195
10,20,33.3193,0.05,0.01,0.005,1.1,0.5,0.1,1.6468,37.5966
10,20,29.9618,0.05,0.01,0.005,1.1,0.5,0.1,1.03596,21.0261
10,20,26.628,0.05,0.01,0.005,1.1,0.5,0.1,2.14965,48.2847
10,20,26.7893,0.05,0.01,0.005,1.1,0.5,0.1,1.49548,34.9018
10,20,30.7549,0.05,0.01,0.005,1.1,0.5,0.1,1.39789,23.7484
10,20,32.7081,0.05,0.01,0.005,1.1,0.5,0.1,2.63581,46.1704
10,20,32.4802,0.05,0.01,0.005,1.1,0.5,0.1,1.93623,33.0223
