10,20,30,0.05,0.01,0.00316626,1.1,0.5,0.1,2.16334,37.1753
10,20,30,0.05,0.01,0.0061845,1.1,0.5,0.1,2.23031,50.1887
10,20,30,0.05,0.01,0.00260883,1.1,0.5,0.1,7.61091,144.057
10,20,30,0.05,0.01,0.00145408,1.1,0.5,0.1,11.2683,217.744
10,20,30,0.05,0.01,0.00442174,1.1,0.5,0.1,1.01338,22.5266
10,20,30,0.05,0.01,0.00144559,1.1,0.5,0.1,5.7224,107.281
10,20,30,0.05,0.01,0.00444749,1.1,0.5,0.1,1.12713,20.2944
10,20,30,0.05,0.01,0.00122249,1.1,0.5,0.1,13.3855,258.069
10,20,30,0.05,0.01,0.00217984,1.1,0.5,0.1,8.97715,170.756
10,20,30,0.05,0.01,0.00106174,1.1,0.5,0.1,20.2883,396.566
10,20,30,0.05,0.01,0.00621583,1.1,0.5,0.1,5.63659,105.978
10,20,30,0.05,0.01,0.00646661,1.1,0.5,0.1,1.71605,39.4093
10,20,30,0.05,0.01,0.00402454,1.1,0.5,0.1,2.923,64.2892
10,20,30,0.05,0.01,0.00322112,1.1,0.5,0.1,3.67441,65.7871
10,20,30,0.05,0.01,0.00537151,1.1,0.5,0.1,2.77123,61.2717
10,20,30,0.05,0.01,0.00183369,1.1,0.5,0.1,2.97033,52.8875
10,20,30,0.05,0.01,0.00610121,1.1,0.5,0.1,1.28852,29.6298
10,20,30,0.05,0.01,0.00209096,1.1,0.5,0.1,5.27051,98.1334
10,20,30,0.05,0.01,0.00287697,1.1,0.5,0.1,6.17437,115.986
10,20,30,0.05,0.01,0.00114119,1.1,0.5,0.1,8.88746,171.006
10,20,30,0.05,0.01,0.00637035,1.1,0.5,0.1,2.69366,59.5192
10,20,30,0.05,0.01,0.00323081,1.1,0.5,0.1,3.14606,55.1806
10,20,30,0.05,0.01,0.00573368,1.1,0.5,0.1,1.78116,41.0504
10,20,30,0.05,0.01,0.00667675,1.1,0.5,0.1,2.00409,45.5604
10,20,30,0.05,0.01,0.00234834,1.1,0.5,0.1,6.69715,125.975
10,20,30,0.05,0.01,0.00193455,1.1,0.5,0.1,4.36034,80.2047
10,20,30,0.05,0.01,0.00531304,1.1,0.5,0.1,2.09843,36.0454
10,20,30,0.05,0.01,0.00457484,1.1,0.5,0.1,1.10304,25.3336
10,20,30,0.05,0.01,0.0049755,1.1,0.5,0.1,1.02164,22.4117
10,20,30,0.05,0.01,0.00160024,1.1,0.5,0.1,5.60515,104.347
10,20,30,0.05,0.01,0.00381886,1.1,0.5,0.1,8.19696,156.923
10,20,30,0.05,0.01,0.00455866,1.1,0.5,0.1,1.57017,36.3942
10,20,30,0.05,0.01,0.00395957,1.1,0.5,0.1,2.40616,42.0418
10,20,30,0.05,0.01,0.00559989,1.1,0.5,0.1,1.68952,38.7244
10,20,30,0.05,0.01,0.00122215,1.1,0.5,0.1,21.5749,420.968
10,20,30,0.05,0.01,0.00575258,1.1,0.5,0.1,1.37472,32.0001
10,20,30,0.05,0.01,0.00358344,1.1,0.5,0.1,4.46073,82.8012
10,20,30,0.05,0.01,0.00187299,1.1,0.5,0.1,16.4289,317.79
10,20,30,0.05,0.01,0.00251018,1.1,0.5,0.1,7.8725,148.362
10,20,30,0.05,0.01,0.00255996,1.1,0.5,0.1,13.3936,257.999
10,20,30,0.05,0.01,0.00678586,1.1,0.5,0.1,3.31959,72.0277
10,20,30,0.05,0.01,0.00545253,1.1,0.5,0.1,1.0486,23.0629
10,20,30,0.05,0.01,0.00454975,1.1,0.5,0.1,1.12886,21.5217
10,20,30,0.05,0.01,0.00102987,1.1,0.5,0.1,17.2091,336.566
10,20,30,0.05,0.01,0.00323858,1.1,0.5,0.1,1.14818,19.8434
10,20,30,0.05,0.01,0.00662947,1.1,0.5,0.1,3.13318,68.2149
10,20,30,0.05,0.01,0.00135234,1.1,0.5,0.1,5.31705,97.8979
10,20,30,0.05,0.01,0.00496892,1.1,0.5,0.1,1.11811,22.7148
10,20,30,0.05,0.01,0.00426761,1.1,0.5,0.1,1.62924,27.3412
10,20,30,0.05,0.01,0.00114239,1.1,0.5,0.1,22.9634,446.621
10,20,30,0.05,0.01,0.00433337,1.1,0.5,0.1,2.19061,38.1302
10,20,30,0.05,0.01,0.00634873,1.1,0.5,0.1,1.30171,30.4932
10,20,30,0.05,0.01,0.00326762,1.1,0.5,0.1,7.65043,144.848
10,20,30,0.05,0.01,0.00593215,1.1,0.5,0.1,1.12471,25.6769
10,20,30,0.05,0.01,0.00621946,1.1,0.5,0.1,2.35358,52.5245
10,20,30,0.05,0.01,0.00452611,1.1,0.5,0.1,2.20657,38.5027
10,20,30,0.05,0.01,0.00437783,1.1,0.5,0.1,1.78088,41.195
10,20,30,0.05,0.01,0.00644706,1.1,0.5,0.1,1.47885,34.5223
10,20,30,0.05,0.01,0.00421876,1.1,0.5,0.1,1.671,26.9457
10,20,30,0.05,0.01,0.00408843,1.1,0.5,0.1,1.59204,27.3614
10,20,30,0.05,0.01,0.00250904,1.1,0.5,0.1,3.85243,69.7003
10,20,30,0.05,0.01,0.00697523,1.1,0.5,0.1,2.40843,53.7
10,20,30,0.05,0.01,0.00165524,1.1,0.5,0.1,16.6847,323.899
10,20,30,0.05,0.01,0.00529192,1.1,0.5,0.1,3.33808,72.4161
10,20,30,0.05,0.01,0.00359017,1.1,0.5,0.1,4.22012,77.2608
10,20,30,0.05,0.01,0.00691901,1.1,0.5,0.1,1.27577,30.1183
10,20,30,0.05,0.01,0.00378228,1.1,0.5,0.1,3.53908,64.7138
10,20,30,0.05,0.01,0.00571891,1.1,0.5,0.1,1.64467,37.9075
10,20,30,0.05,0.01,0.00506835,1.1,0.5,0.1,1.21131,20.5708
10,20,30,0.05,0.01,0.00621037,1.1,0.5,0.1,1.04081,23.4574
10,20,30,0.05,0.01,0.00406387,1.1,0.5,0.1,2.01379,33.6596
10,20,30,0.05,0.01,0.00378961,1.1,0.5,0.1,4.6997,86.4545
10,20,30,0.05,0.01,0.00270906,1.1,0.5,0.1,5.67374,105.227
10,20,30,0.05,0.01,0.00573918,1.1,0.5,0.1,2.07669,35.6426
10,20,30,0.05,0.01,0.0018367,1.1,0.5,0.1,13.9229,269.601
10,20,30,0.05,0.01,0.00387619,1.1,0.5,0.1,1.5053,25.7301
10,20,30,0.05,0.01,0.00270804,1.1,0.5,0.1,5.26701,98.6996
10,20,30,0.05,0.01,0.00629608,1.1,0.5,0.1,3.66435,79.1758
10,20,30,0.05,0.01,0.00220003,1.1,0.5,0.1,6.79213,127.597
10,20,30,0.05,0.01,0.00270278,1.1,0.5,0.1,11.5374,221.432
10,20,30,0.05,0.01,0.00540558,1.1,0.5,0.1,1.4465,24.2041
10,20,30,0.05,0.01,0.00227542,1.1,0.5,0.1,4.22431,76.7294
10,20,30,0.05,0.01,0.00202798,1.1,0.5,0.1,8.85086,168.429
10,20,30,0.05,0.01,0.00641329,1.1,0.5,0.1,2.78372,61.6225
10,20,30,0.05,0.01,0.00118769,1.1,0.5,0.1,10.7224,205.175
10,20,30,0.05,0.01,0.00284101,1.1,0.5,0.1,11.8247,226.897
10,20,30,0.05,0.01,0.00363163,1.1,0.5,0.1,8.8199,167.843
10,20,30,0.05,0.01,0.00473232,1.1,0.5,0.1,1.1525,26.9179
10,20,30,0.05,0.01,0.00665103,1.1,0.5,0.1,1.36172,31.7712
10,20,30,0.05,0.01,0.00627799,1.1,0.5,0.1,1.04288,20.6567
10,20,30,0.05,0.01,0.00102456,1.1,0.5,0.1,21.1715,414.406
10,20,30,0.05,0.01,0.00453918,1.1,0.5,0.1,1.56924,26.3211
10,20,30,0.05,0.01,0.00501638,1.1,0.5,0.1,1.02466,21.2229
10,20,30,0.05,0.01,0.00385762,1.1,0.5,0.1,3.68713,67.0478
10,20,30,0.05,0.01,0.0031985,1.1,0.5,0.1,5.16567,95.7437
10,20,30,0.05,0.01,0.00183396,1.1,0.5,0.1,1.36238,22.9058
10,20,30,0.05,0.01,0.00151417,1.1,0.5,0.1,15.7682,306.076
10,20,30,0.05,0.01,0.00122308,1.1,0.5,0.1,15.2316,296.177
10,20,30,0.05,0.01,0.00464267,1.1,0.5,0.1,1.49858,34.5664
10,20,30,0.05,0.01,0.00208719,1.1,0.5,0.1,7.95904,150.008
10,20,30,0.05,0.01,0.00334804,1.1,0.5,0.1,0.999549,19.9487
10,20,30,0.05,0.01,0.00588066,1.1,0.5,0.1,1.46345,33.9261
10,20,30,0.05,0.01,0.00368657,1.1,0.5,0.1,4.91915,91.1912
10,20,30,0.05,0.01,0.00114242,1.1,0.5,0.1,2.07345,35.2736
10,20,30,0.05,0.01,0.00676123,1.1,0.5,0.1,2.38541,53.4488
10,20,30,0.05,0.01,0.0048725,1.1,0.5,0.1,1.11956,24.4525
10,20,30,0.05,0.01,0.00698892,1.1,0.5,0.1,3.6483,78.6052
10,20,30,0.05,0.01,0.00446555,1.1,0.5,0.1,3.06434,54.432
10,20,30,0.05,0.01,0.00673502,1.1,0.5,0.1,1.98711,45.1084
10,20,30,0.05,0.01,0.00261722,1.1,0.5,0.1,3.53611,64.3972
10,20,30,0.05,0.01,0.00451602,1.1,0.5,0.1,5.61778,104.445
10,20,30,0.05,0.01,0.00689925,1.1,0.5,0.1,1.92771,43.8925
10,20,30,0.05,0.01,0.00642504,1.1,0.5,0.1,1.63729,38.0271
10,20,30,0.05,0.01,0.00159661,1.1,0.5,0.1,4.86035,90.7002
10,20,30,0.05,0.01,0.00685782,1.1,0.5,0.1,1.01705,20.7755
10,20,30,0.05,0.01,0.00455816,1.1,0.5,0.1,3.09566,55.0711
10,20,30,0.05,0.01,0.00398207,1.1,0.5,0.1,1.16536,20.1686
10,20,30,0.05,0.01,0.00559081,1.1,0.5,0.1,2.87741,63.3413
10,20,30,0.05,0.01,0.00469061,1.1,0.5,0.1,5.50391,101.781
10,20,30,0.05,0.01,0.00384435,1.1,0.5,0.1,2.97582,52.6622
10,20,30,0.05,0.01,0.00519565,1.1,0.5,0.1,1.12935,26.1022
10,20,30,0.05,0.01,0.001592,1.1,0.5,0.1,10.6986,206.216
10,20,30,0.05,0.01,0.00364725,1.1,0.5,0.1,1.08782,24.9944
10,20,30,0.05,0.01,0.00681065,1.1,0.5,0.1,1.61539,37.1293
10,20,30,0.05,0.01,0.00402075,1.1,0.5,0.1,2.56051,44.9057
10,20,30,0.05,0.01,0.0062081,1.1,0.5,0.1,2.2907,51.358
10,20,30,0.05,0.01,0.00496662,1.1,0.5,0.1,1.84989,31.5156
10,20,30,0.05,0.01,0.00265651,1.1,0.5,0.1,8.43319,160.017
10,20,30,0.05,0.01,0.00538824,1.1,0.5,0.1,2.75374,60.7986
10,20,30,0.05,0.01,0.00405273,1.1,0.5,0.1,1.52141,35.0195
10,20,30,0.05,0.01,0.00123336,1.1,0.5,0.1,12.1634,234.316
10,20,30,0.05,0.01,0.00464984,1.1,0.5,0.1,4.51494,83.5901
10,20,30,0.05,0.01,0.00284077,1.1,0.5,0.1,2.71641,46.8571
10,20,30,0.05,0.01,0.00473469,1.1,0.5,0.1,1.37412,31.8379
10,20,30,0.05,0.01,0.00242925,1.1,0.5,0.1,8.76459,166.733
10,20,30,0.05,0.01,0.0018747,1.1,0.5,0.1,14.4928,281.369
10,20,30,0.05,0.01,0.00503358,1.1,0.5,0.1,1.59889,37.2572
10,20,30,0.05,0.01,0.00435379,1.1,0.5,0.1,1.38256,23.4202
10,20,30,0.05,0.01,0.00173344,1.1,0.5,0.1,6.56956,123.672
10,20,30,0.05,0.01,0.00295334,1.1,0.5,0.1,1.87239,31.9535
10,20,30,0.05,0.01,0.00652827,1.1,0.5,0.1,1.45173,34.0113
10,20,30,0.05,0.01,0.00119237,1.1,0.5,0.1,14.2929,277.131
10,20,30,0.05,0.01,0.00604492,1.1,0.5,0.1,1.8866,42.9223
10,20,30,0.05,0.01,0.00124274,1.1,0.5,0.1,15.6551,303.864
10,20,30,0.05,0.01,0.00391568,1.1,0.5,0.1,1.63501,38.2129
10,20,30,0.05,0.01,0.00412943,1.1,0.5,0.1,1.07343,20.3171
10,20,30,0.05,0.01,0.00452828,1.1,0.5,0.1,2.43897,42.7744
10,20,30,0.05,0.01,0.00679395,1.1,0.5,0.1,1.53159,35.6948
10,20,30,0.05,0.01,0.00357092,1.1,0.5,0.1,2.35506,41.1019
10,20,30,0.05,0.01,0.00210431,1.1,0.5,0.1,4.0808,75.1517
10,20,30,0.05,0.01,0.00338237,1.1,0.5,0.1,1.23659,28.7499
10,20,30,0.05,0.01,0.0035663,1.1,0.5,0.1,4.86001,89.9266
10,20,30,0.05,0.01,0.00418723,1.1,0.5,0.1,1.62935,27.6232
10,20,30,0.05,0.01,0.00652834,1.1,0.5,0.1,2.08145,47.0225
10,20,30,0.05,0.01,0.00504007,1.1,0.5,0.1,1.52599,35.1538
10,20,30,0.05,0.01,0.00347022,1.1,0.5,0.1,5.32516,98.7989
10,20,30,0.05,0.01,0.00487335,1.1,0.5,0.1,1.40104,24.1067
10,20,30,0.05,0.01,0.00445967,1.1,0.5,0.1,2.18026,49.146
10,20,30,0.05,0.01,0.00662041,1.1,0.5,0.1,1.01462,22.5892
10,20,30,0.05,0.01,0.00540576,1.1,0.5,0.1,4.22699,77.565
10,20,30,0.05,0.01,0.0050903,1.1,0.5,0.1,1.06962,24.708
10,20,30,0.05,0.01,0.00472989,1.1,0.5,0.1,3.62324,78.3189
10,20,30,0.05,0.01,0.00594561,1.1,0.5,0.1,1.35297,31.5806
10,20,30,0.05,0.01,0.00407901,1.1,0.5,0.1,2.83263,49.2754
10,20,30,0.05,0.01,0.00602706,1.1,0.5,0.1,1.11645,25.9064
10,20,30,0.05,0.01,0.00382766,1.1,0.5,0.1,4.53632,83.1589
10,20,30,0.05,0.01,0.00507618,1.1,0.5,0.1,3.12442,54.9886
10,20,30,0.05,0.01,0.00240739,1.1,0.5,0.1,6.73476,126.991
10,20,30,0.05,0.01,0.00450069,1.1,0.5,0.1,1.96536,32.9946
10,20,30,0.05,0.01,0.00543949,1.1,0.5,0.1,1.07045,19.6629
10,20,30,0.05,0.01,0.00491325,1.1,0.5,0.1,3.67076,66.6751
10,20,30,0.05,0.01,0.00298332,1.1,0.5,0.1,7.9393,150.804
10,20,30,0.05,0.01,0.00694301,1.1,0.5,0.1,1.09677,22.6224
10,20,30,0.05,0.01,0.00677442,1.1,0.5,0.1,3.22452,70.0319
10,20,30,0.05,0.01,0.00558795,1.1,0.5,0.1,1.273,21.6506
10,20,30,0.05,0.01,0.00453755,1.1,0.5,0.1,2.34672,40.7619
10,20,30,0.05,0.01,0.00663379,1.1,0.5,0.1,3.40272,73.98
10,20,30,0.05,0.01,0.00649505,1.1,0.5,0.1,1.5341,35.4766
10,20,30,0.05,0.01,0.00634639,1.1,0.5,0.1,2.35099,52.4804
10,20,30,0.05,0.01,0.00429216,1.1,0.5,0.1,1.5945,26.407
10,20,30,0.05,0.01,0.00144354,1.1,0.5,0.1,11.2303,217.11
10,20,30,0.05,0.01,0.00137147,1.1,0.5,0.1,12.6092,243.855
10,20,30,0.05,0.01,0.00405963,1.1,0.5,0.1,3.64586,78.9942
10,20,30,0.05,0.01,0.00638616,1.1,0.5,0.1,1.7368,39.7607
10,20,30,0.05,0.01,0.00676436,1.1,0.5,0.1,1.4011,32.8476
10,20,30,0.05,0.01,0.00148744,1.1,0.5,0.1,7.2855,138.257
10,20,30,0.05,0.01,0.00463315,1.1,0.5,0.1,1.91094,33.0587
10,20,30,0.05,0.01,0.00467599,1.1,0.5,0.1,1.89443,32.2238
10,20,30,0.05,0.01,0.00381748,1.1,0.5,0.1,1.22657,21.1488
10,20,30,0.05,0.01,0.0069251,1.1,0.5,0.1,3.12423,68.0206
10,20,30,0.05,0.01,0.00529899,1.1,0.5,0.1,6.05739,113.242
10,20,30,0.05,0.01,0.00628605,1.1,0.5,0.1,1.26222,21.7071
10,20,30,0.05,0.01,0.00194287,1.1,0.5,0.1,18.7487,365.693
10,20,30,0.05,0.01,0.00355279,1.1,0.5,0.1,4.69859,86.824
10,20,30,0.05,0.01,0.00330948,1.1,0.5,0.1,1.2133,22.5922
10,20,30,0.05,0.01,0.00317932,1.1,0.5,0.1,11.7417,226.053
10,20,30,0.05,0.01,0.00530962,1.1,0.5,0.1,2.41228,53.725
10,20,30,0.05,0.01,0.00699748,1.1,0.5,0.1,1.75975,40.5508
10,20,30,0.05,0.01,0.00497602,1.1,0.5,0.1,1.70542,39.1516
10,20,30,0.05,0.01,0.00661757,1.1,0.5,0.1,1.25518,29.2151
10,20,30,0.05,0.01,0.00429572,1.1,0.5,0.1,2.11358,36.6117
10,20,30,0.05,0.01,0.00111191,1.1,0.5,0.1,3.71639,67.3302
10,20,30,0.05,0.01,0.00693612,1.1,0.5,0.1,2.26266,50.6918
10,20,30,0.05,0.01,0.00526959,1.1,0.5,0.1,1.03463,21.6523
10,20,30,0.05,0.01,0.00466251,1.1,0.5,0.1,1.04335,23.783
10,20,30,0.05,0.01,0.0052837,1.1,0.5,0.1,2.08973,47.277
10,20,30,0.05,0.01,0.00394118,1.1,0.5,0.1,1.79076,30.437
10,20,30,0.05,0.01,0.00137074,1.1,0.5,0.1,21.9732,429.062
10,20,30,0.05,0.01,0.00258751,1.1,0.5,0.1,2.39261,53.8849
10,20,30,0.05,0.01,0.00107536,1.1,0.5,0.1,21.2049,415.783
10,20,30,0.05,0.01,0.00336838,1.1,0.5,0.1,2.67699,59.4166
10,20,30,0.05,0.01,0.00342977,1.1,0.5,0.1,1.53817,25.5933
10,20,30,0.05,0.01,0.00386506,1.1,0.5,0.1,3.71815,67.9083
10,20,30,0.05,0.01,0.00497624,1.1,0.5,0.1,1.13597,20.1481
10,20,30,0.05,0.01,0.00470268,1.1,0.5,0.1,2.91105,64.0315
10,20,30,0.05,0.01,0.00263572,1.1,0.5,0.1,14.4802,281.331
10,20,30,0.05,0.01,0.00374116,1.1,0.5,0.1,1.89573,32.1251
10,20,30,0.05,0.01,0.00440798,1.1,0.5,0.1,1.69752,38.8876
10,20,30,0.05,0.01,0.00501309,1.1,0.5,0.1,2.20057,37.7199
10,20,30,0.05,0.01,0.00245148,1.1,0.5,0.1,6.11086,114.335
10,20,30,0.05,0.01,0.00637983,1.1,0.5,0.1,1.18123,20.6511
10,20,30,0.05,0.01,0.00216268,1.1,0.5,0.1,9.42656,179.726
10,20,30,0.05,0.01,0.00112259,1.1,0.5,0.1,10.4433,200.254
10,20,30,0.05,0.01,0.00620289,1.1,0.5,0.1,1.11672,25.7379
10,20,30,0.05,0.01,0.00253728,1.1,0.5,0.1,5.99219,111.511
10,20,30,0.05,0.01,0.0025104,1.1,0.5,0.1,6.34649,119.356
10,20,30,0.05,0.01,0.00660856,1.1,0.5,0.1,2.07891,46.9634
10,20,30,0.05,0.01,0.00195257,1.1,0.5,0.1,9.6881,185.021
10,20,30,0.05,0.01,0.0015092,1.1,0.5,0.1,14.168,273.933
10,20,30,0.05,0.01,0.00292256,1.1,0.5,0.1,6.73159,127.23
10,20,30,0.05,0.01,0.00633928,1.1,0.5,0.1,1.04136,21.9647
10,20,30,0.05,0.01,0.0034592,1.1,0.5,0.1,2.12963,36.1872
10,20,30,0.05,0.01,0.0016473,1.1,0.5,0.1,6.61486,125.117
10,20,30,0.05,0.01,0.00454199,1.1,0.5,0.1,1.10861,24.6168
10,20,30,0.05,0.01,0.00300587,1.1,0.5,0.1,5.3778,100.028
10,20,30,0.05,0.01,0.00514082,1.1,0.5,0.1,1.22255,27.7141
10,20,30,0.05,0.01,0.00514903,1.1,0.5,0.1,4.2903,78.8813
10,20,30,0.05,0.01,0.00145463,1.1,0.5,0.1,10.9785,211.338
10,20,30,0.05,0.01,0.00408208,1.1,0.5,0.1,1.10461,20.0606
10,20,30,0.05,0.01,0.00193678,1.1,0.5,0.1,5.35288,99.3467
10,20,30,0.05,0.01,0.00162432,1.1,0.5,0.1,18.0828,351.989
10,20,30,0.05,0.01,0.00294746,1.1,0.5,0.1,5.6528,106.448
10,20,30,0.05,0.01,0.00374066,1.1,0.5,0.1,3.81506,69.1707
10,20,30,0.05,0.01,0.0059758,1.1,0.5,0.1,1.88366,43.0337
10,20,30,0.05,0.01,0.00218318,1.1,0.5,0.1,6.1477,115.504
10,20,30,0.05,0.01,0.00647291,1.1,0.5,0.1,1.5792,36.4252
10,20,30,0.05,0.01,0.00155086,1.1,0.5,0.1,9.78668,185.976
10,20,30,0.05,0.01,0.00140382,1.1,0.5,0.1,16.4453,319.239
10,20,30,0.05,0.01,0.00243433,1.1,0.5,0.1,5.61514,104.032
10,20,30,0.05,0.01,0.00349797,1.1,0.5,0.1,5.86634,109.814
10,20,30,0.05,0.01,0.0012927,1.1,0.5,0.1,12.2388,237.18
10,20,30,0.05,0.01,0.00603216,1.1,0.5,0.1,1.02045,20.9062
10,20,30,0.05,0.01,0.00264095,1.1,0.5,0.1,4.29099,78.7216
10,20,30,0.05,0.01,0.00228074,1.1,0.5,0.1,1.29037,27.3832
10,20,30,0.05,0.01,0.00126215,1.1,0.5,0.1,5.23709,97.1022
10,20,30,0.05,0.01,0.00627822,1.1,0.5,0.1,1.26253,29.4295
10,20,30,0.05,0.01,0.00340889,1.1,0.5,0.1,6.21836,116.219
10,20,30,0.05,0.01,0.00501755,1.1,0.5,0.1,1.26943,22.1075
10,20,30,0.05,0.01,0.00281389,1.1,0.5,0.1,12.187,234.12
10,20,30,0.05,0.01,0.00419113,1.1,0.5,0.1,1.48732,24.8531
10,20,30,0.05,0.01,0.00280967,1.1,0.5,0.1,1.48097,34.3296
10,20,30,0.05,0.01,0.0042779,1.1,0.5,0.1,3.60827,65.1463
10,20,30,0.05,0.01,0.00229901,1.1,0.5,0.1,9.10053,173.085
10,20,30,0.05,0.01,0.00622165,1.1,0.5,0.1,0.960024,19.6329
10,20,30,0.05,0.01,0.00397088,1.1,0.5,0.1,2.00945,34.3247
10,20,30,0.05,0.01,0.00501206,1.1,0.5,0.1,2.59822,45.6723
10,20,30,0.05,0.01,0.00442176,1.1,0.5,0.1,1.95645,33.6999
10,20,30,0.05,0.01,0.00633481,1.1,0.5,0.1,3.11963,68.2234
10,20,30,0.05,0.01,0.00132495,1.1,0.5,0.1,9.72459,186.347
10,20,30,0.05,0.01,0.00232351,1.1,0.5,0.1,10.602,204.382
10,20,30,0.05,0.01,0.00628725,1.1,0.5,0.1,1.00335,20.439
10,20,30,0.05,0.01,0.00611729,1.1,0.5,0.1,1.18157,26.8297
10,20,30,0.05,0.01,0.00187741,1.1,0.5,0.1,4.00217,72.5717
10,20,30,0.05,0.01,0.00570206,1.1,0.5,0.1,4.53642,96.3866
10,20,30,0.05,0.01,0.00284006,1.1,0.5,0.1,1.17068,27.2247
10,20,30,0.05,0.01,0.00243871,1.1,0.5,0.1,2.2908,39.9201
10,20,30,0.05,0.01,0.00479884,1.1,0.5,0.1,1.46435,34.1489
10,20,30,0.05,0.01,0.00133848,1.1,0.5,0.1,3.81867,69.3823
10,20,30,0.05,0.01,0.00509073,1.1,0.5,0.1,1.31209,30.5296
10,20,30,0.05,0.01,0.00130189,1.1,0.5,0.1,2.66278,45.8059
10,20,30,0.05,0.01,0.0057167,1.1,0.5,0.1,1.94574,44.7132
10,20,30,0.05,0.01,0.00336811,1.1,0.5,0.1,5.78162,106.863
10,20,30,0.05,0.01,0.00662668,1.1,0.5,0.1,2.71055,59.8222
10,20,30,0.05,0.01,0.00135473,1.1,0.5,0.1,7.29741,139.629
10,20,30,0.05,0.01,0.0044655,1.1,0.5,0.1,1.12487,25.5545
10,20,30,0.05,0.01,0.0034487,1.1,0.5,0.1,2.91855,52.0111
10,20,30,0.05,0.01,0.0048212,1.1,0.5,0.1,1.84922,42.4775
10,20,30,0.05,0.01,0.0058685,1.1,0.5,0.1,1.15216,26.4935
10,20,30,0.05,0.01,0.0038622,1.1,0.5,0.1,7.06002,132.839
10,20,30,0.05,0.01,0.00508422,1.1,0.5,0.1,1.07011,24.5091
10,20,30,0.05,0.01,0.00253255,1.1,0.5,0.1,7.96937,151.843
10,20,30,0.05,0.01,0.00484163,1.1,0.5,0.1,2.80248,49.7444
10,20,30,0.05,0.01,0.00499139,1.1,0.5,0.1,2.30259,39.9793
10,20,30,0.05,0.01,0.00295644,1.1,0.5,0.1,2.55153,45.0705
10,20,30,0.05,0.01,0.00161517,1.1,0.5,0.1,14.8624,288.161
10,20,30,0.05,0.01,0.00148242,1.1,0.5,0.1,5.96023,113.105
10,20,30,0.05,0.01,0.00537612,1.1,0.5,0.1,4.16089,89.3936
10,20,30,0.05,0.01,0.00664785,1.1,0.5,0.1,2.18685,49.2499
10,20,30,0.05,0.01,0.00319511,1.1,0.5,0.1,3.41099,61.3181
10,20,30,0.05,0.01,0.00366727,1.1,0.5,0.1,2.98716,52.7593
10,20,30,0.05,0.01,0.00661381,1.1,0.5,0.1,1.0566,22.5996
10,20,30,0.05,0.01,0.00474732,1.1,0.5,0.1,3.90677,83.9884
10,20,30,0.05,0.01,0.00419379,1.1,0.5,0.1,1.36101,31.7263
10,20,30,0.05,0.01,0.00323017,1.1,0.5,0.1,3.35652,59.6997
10,20,30,0.05,0.01,0.00103314,1.1,0.5,0.1,16.438,320.025
10,20,30,0.05,0.01,0.00497542,1.1,0.5,0.1,1.09903,25.9465
10,20,30,0.05,0.01,0.00653076,1.1,0.5,0.1,1.00056,21.0267
10,20,30,0.05,0.01,0.00114057,1.1,0.5,0.1,18.2986,355.903
10,20,30,0.05,0.01,0.00476631,1.1,0.5,0.1,2.74901,60.594
10,20,30,0.05,0.01,0.00267248,1.1,0.5,0.1,10.6606,204.774
10,20,30,0.05,0.01,0.00315258,1.1,0.5,0.1,2.16987,37.5229
10,20,30,0.05,0.01,0.00646036,1.1,0.5,0.1,1.47701,34.1374
10,20,30,0.05,0.01,0.00578793,1.1,0.5,0.1,1.39555,23.5718
10,20,30,0.05,0.01,0.00422407,1.1,0.5,0.1,1.0849,20.7005
10,20,30,0.05,0.01,0.0066729,1.1,0.5,0.1,1.40934,23.2783
10,20,30,0.05,0.01,0.00503572,1.1,0.5,0.1,1.14486,26.3042
10,20,30,0.05,0.01,0.00693026,1.1,0.5,0.1,1.91197,43.5498
10,20,30,0.05,0.01,0.00648795,1.1,0.5,0.1,1.47375,34.2873
10,20,30,0.05,0.01,0.00491244,1.1,0.5,0.1,1.80134,41.301
10,20,30,0.05,0.01,0.00380327,1.1,0.5,0.1,5.67255,105.462
10,20,30,0.05,0.01,0.00319841,1.1,0.5,0.1,1.10965,21.0151
10,20,30,0.05,0.01,0.00276226,1.1,0.5,0.1,4.64831,85.0218
10,20,30,0.05,0.01,0.00560309,1.1,0.5,0.1,0.982,21.4572
10,20,30,0.05,0.01,0.00248953,1.1,0.5,0.1,8.7359,166.411
10,20,30,0.05,0.01,0.00605275,1.1,0.5,0.1,1.04363,23.7786
10,20,30,0.05,0.01,0.00142541,1.1,0.5,0.1,9.62766,184.119
10,20,30,0.05,0.01,0.00320172,1.1,0.5,0.1,7.01863,132.399
10,20,30,0.05,0.01,0.00305,1.1,0.5,0.1,2.62552,46.09
10,20,30,0.05,0.01,0.00436077,1.1,0.5,0.1,1.37606,23.4679
10,20,30,0.05,0.01,0.00231992,1.1,0.5,0.1,4.78633,89.2416
10,20,30,0.05,0.01,0.00330132,1.1,0.5,0.1,3.50661,62.8317
10,20,30,0.05,0.01,0.00377968,1.1,0.5,0.1,3.51173,63.0453
10,20,30,0.05,0.01,0.00206898,1.1,0.5,0.1,12.6405,245.005
10,20,30,0.05,0.01,0.00358911,1.1,0.5,0.1,1.07213,20.1364
10,20,30,0.05,0.01,0.00228094,1.1,0.5,0.1,12.6941,245.178
10,20,30,0.05,0.01,0.00155689,1.1,0.5,0.1,10.917,209.75
10,20,30,0.05,0.01,0.00529152,1.1,0.5,0.1,1.017,20.1482
10,20,30,0.05,0.01,0.00467388,1.1,0.5,0.1,2.94106,53.0059
10,20,30,0.05,0.01,0.00537538,1.1,0.5,0.1,1.04232,22.0364
10,20,30,0.05,0.01,0.00502222,1.1,0.5,0.1,1.84365,42.4268
10,20,30,0.05,0.01,0.00680224,1.1,0.5,0.1,2.4368,54.2764
10,20,30,0.05,0.01,0.00100139,1.1,0.5,0.1,10.8799,209.817
10,20,30,0.05,0.01,0.00455371,1.1,0.5,0.1,1.0795,22.0432
10,20,30,0.05,0.01,0.0048359,1.1,0.5,0.1,1.23328,28.1045
10,20,30,0.05,0.01,0.0027983,1.1,0.5,0.1,3.60777,65.4616
10,20,30,0.05,0.01,0.00614724,1.1,0.5,0.1,1.04099,21.664
10,20,30,0.05,0.01,0.00111483,1.1,0.5,0.1,7.63309,144.397
10,20,30,0.05,0.01,0.00492156,1.1,0.5,0.1,1.25714,21.1664
10,20,30,0.05,0.01,0.00497238,1.1,0.5,0.1,1.173,27.0913
10,20,30,0.05,0.01,0.00308602,1.1,0.5,0.1,10.2454,196.77
10,20,30,0.05,0.01,0.00585228,1.1,0.5,0.1,1.28999,29.8944
10,20,30,0.05,0.01,0.0015784,1.1,0.5,0.1,9.84747,189.173
10,20,30,0.05,0.01,0.00305735,1.1,0.5,0.1,6.06783,114.714
10,20,30,0.05,0.01,0.00607183,1.1,0.5,0.1,1.66576,38.5357
10,20,30,0.05,0.01,0.00413749,1.1,0.5,0.1,2.54601,44.4697
10,20,30,0.05,0.01,0.00494593,1.1,0.5,0.1,5.35334,99.1484
10,20,30,0.05,0.01,0.00683276,1.1,0.5,0.1,2.1905,49.3449
10,20,30,0.05,0.01,0.00113474,1.1,0.5,0.1,10.4089,200.044
10,20,30,0.05,0.01,0.00194739,1.1,0.5,0.1,8.59126,163.779
10,20,30,0.05,0.01,0.00493592,1.1,0.5,0.1,1.04563,20.3507
10,20,30,0.05,0.01,0.00423123,1.1,0.5,0.1,3.65732,66.9428
10,20,30,0.05,0.01,0.00148952,1.1,0.5,0.1,12.7246,246.245
10,20,30,0.05,0.01,0.00514026,1.1,0.5,0.1,1.9089,43.6979
10,20,30,0.05,0.01,0.00299231,1.1,0.5,0.1,2.73103,47.2308
10,20,30,0.05,0.01,0.00147189,1.1,0.5,0.1,12.3961,239.596
10,20,30,0.05,0.01,0.0038339,1.1,0.5,0.1,1.47712,24.6613
10,20,30,0.05,0.01,0.00611106,1.1,0.5,0.1,1.08281,19.8905
10,20,30,0.05,0.01,0.00267786,1.1,0.5,0.1,10.333,198.308
10,20,30,0.05,0.01,0.00691197,1.1,0.5,0.1,2.65618,58.8748
10,20,30,0.05,0.01,0.00288102,1.1,0.5,0.1,9.08203,173.299
10,20,30,0.05,0.01,0.00398326,1.1,0.5,0.1,1.68555,28.8776
10,20,30,0.05,0.01,0.00687279,1.1,0.5,0.1,1.29768,30.5269
10,20,30,0.05,0.01,0.0060309,1.1,0.5,0.1,1.40292,32.6629
10,20,30,0.05,0.01,0.00310077,1.1,0.5,0.1,5.1599,94.606
10,20,30,0.05,0.01,0.00376357,1.1,0.5,0.1,4.55942,83.9942
10,20,30,0.05,0.01,0.00651106,1.1,0.5,0.1,1.94138,44.156
10,20,30,0.05,0.01,0.00165837,1.1,0.5,0.1,9.22183,175.232
10,20,30,0.05,0.01,0.00394133,1.1,0.5,0.1,8.8446,168.214
10,20,30,0.05,0.01,0.00678005,1.1,0.5,0.1,1.98535,45.1632
10,20,30,0.05,0.01,0.0053023,1.1,0.5,0.1,1.40652,23.7393
10,20,30,0.05,0.01,0.00367029,1.1,0.5,0.1,2.18534,37.0504
10,20,30,0.05,0.01,0.00288666,1.1,0.5,0.1,6.85026,129.501
10,20,30,0.05,0.01,0.0067871,1.1,0.5,0.1,1.06852,20.0272
10,20,30,0.05,0.01,0.00354024,1.1,0.5,0.1,2.59454,43.8357
10,20,30,0.05,0.01,0.00670182,1.1,0.5,0.1,3.49688,75.848
10,20,30,0.05,0.01,0.00140887,1.1,0.5,0.1,18.4903,361.02
10,20,30,0.05,0.01,0.00578725,1.1,0.5,0.1,3.64065,78.8276
10,20,30,0.05,0.01,0.00587642,1.1,0.5,0.1,1.43899,33.5677
10,20,30,0.05,0.01,0.00547239,1.1,0.5,0.1,1.56452,26.7661
10,20,30,0.05,0.01,0.00536295,1.1,0.5,0.1,1.29569,22.2528
10,20,30,0.05,0.01,0.00258458,1.1,0.5,0.1,4.44312,81.8855
10,20,30,0.05,0.01,0.00417807,1.1,0.5,0.1,1.15191,20.7666
10,20,30,0.05,0.01,0.00572459,1.1,0.5,0.1,4.02834,72.9128
10,20,30,0.05,0.01,0.00170356,1.1,0.5,0.1,16.7991,327.949
10,20,30,0.05,0.01,0.00296846,1.1,0.5,0.1,5.2956,98.909
10,20,30,0.05,0.01,0.00216905,1.1,0.5,0.1,6.15795,115.379
10,20,30,0.05,0.01,0.00134318,1.1,0.5,0.1,18.6977,361.574
10,20,30,0.05,0.01,0.00161987,1.1,0.5,0.1,5.97439,111.932
10,20,30,0.05,0.01,0.00136725,1.1,0.5,0.1,9.95605,190.755
10,20,30,0.05,0.01,0.0016526,1.1,0.5,0.1,11.0188,211.577
10,20,30,0.05,0.01,0.00194425,1.1,0.5,0.1,1.782,30.9236
10,20,30,0.05,0.01,0.00353362,1.1,0.5,0.1,2.49482,43.3213
10,20,30,0.05,0.01,0.00584378,1.1,0.5,0.1,1.36889,23.4537
10,20,30,0.05,0.01,0.00277712,1.1,0.5,0.1,6.72354,126.455
10,20,30,0.05,0.01,0.00217181,1.1,0.5,0.1,8.99537,171.403
10,20,30,0.05,0.01,0.00493843,1.1,0.5,0.1,2.68603,47.1929
10,20,30,0.05,0.01,0.00273957,1.1,0.5,0.1,5.06545,94.1452
10,20,30,0.05,0.01,0.00234151,1.1,0.5,0.1,3.35641,59.9428
10,20,30,0.05,0.01,0.00221334,1.1,0.5,0.1,7.73956,146.95
10,20,30,0.05,0.01,0.00294796,1.1,0.5,0.1,1.19352,28.393
10,20,30,0.05,0.01,0.00375207,1.1,0.5,0.1,1.28878,22.2978
10,20,30,0.05,0.01,0.00185467,1.1,0.5,0.1,6.60037,123.418
10,20,30,0.05,0.01,0.00519009,1.1,0.5,0.1,1.39427,23.9002
10,20,30,0.05,0.01,0.00427128,1.1,0.5,0.1,1.60899,26.7022
10,20,30,0.05,0.01,0.00272313,1.1,0.5,0.1,1.41862,32.6101
10,20,30,0.05,0.01,0.00600906,1.1,0.5,0.1,2.27208,51.102
10,20,30,0.05,0.01,0.00655686,1.1,0.5,0.1,1.01561,20.9947
10,20,30,0.05,0.01,0.00150517,1.1,0.5,0.1,1.72987,28.9153
10,20,30,0.05,0.01,0.00368686,1.1,0.5,0.1,3.95261,84.9407
10,20,30,0.05,0.01,0.00658696,1.1,0.5,0.1,1.9822,45.0711
10,20,30,0.05,0.01,0.00513257,1.1,0.5,0.1,1.1498,21.3624
10,20,30,0.05,0.01,0.00383205,1.1,0.5,0.1,1.7612,29.855
10,20,30,0.05,0.01,0.00542051,1.1,0.5,0.1,1.32276,30.9148
10,20,30,0.05,0.01,0.00245217,1.1,0.5,0.1,1.42229,24.2789
10,20,30,0.05,0.01,0.00207982,1.1,0.5,0.1,9.91479,189.774
10,20,30,0.05,0.01,0.00643226,1.1,0.5,0.1,1.99908,34.1812
10,20,30,0.05,0.01,0.00234058,1.1,0.5,0.1,13.5709,263.36
10,20,30,0.05,0.01,0.00451422,1.1,0.5,0.1,1.08642,20.4514
10,20,30,0.05,0.01,0.00471863,1.1,0.5,0.1,1.90777,43.5196
10,20,30,0.05,0.01,0.00631126,1.1,0.5,0.1,1.53002,35.4009
10,20,30,0.05,0.01,0.00605868,1.1,0.5,0.1,1.3277,31.0037
10,20,30,0.05,0.01,0.00327034,1.1,0.5,0.1,4.9816,92.0763
10,20,30,0.05,0.01,0.00441302,1.1,0.5,0.1,1.06946,23.9942
10,20,30,0.05,0.01,0.00266071,1.1,0.5,0.1,5.2324,97.3154
10,20,30,0.05,0.01,0.00492498,1.1,0.5,0.1,1.52543,25.8427
10,20,30,0.05,0.01,0.00195104,1.1,0.5,0.1,4.67504,86.1822
10,20,30,0.05,0.01,0.00647972,1.1,0.5,0.1,3.04947,66.9112
10,20,30,0.05,0.01,0.00113477,1.1,0.5,0.1,10.3592,199.219
10,20,30,0.05,0.01,0.00553266,1.1,0.5,0.1,1.54882,36.1172
10,20,30,0.05,0.01,0.00453907,1.1,0.5,0.1,3.01638,53.2117
10,20,30,0.05,0.01,0.00242972,1.1,0.5,0.1,2.66076,58.7231
10,20,30,0.05,0.01,0.00356837,1.1,0.5,0.1,2.95589,52.4403
10,20,30,0.05,0.01,0.00393974,1.1,0.5,0.1,2.74928,47.4134
10,20,30,0.05,0.01,0.00440976,1.1,0.5,0.1,1.43569,23.9149
10,20,30,0.05,0.01,0.00472729,1.1,0.5,0.1,1.40661,24.7076
10,20,30,0.05,0.01,0.00140173,1.1,0.5,0.1,1.79124,30.5856
10,20,30,0.05,0.01,0.0023408,1.1,0.5,0.1,7.9896,151.684
10,20,30,0.05,0.01,0.00560176,1.1,0.5,0.1,4.24342,90.765
10,20,30,0.05,0.01,0.00641663,1.1,0.5,0.1,3.11314,68.0025
10,20,30,0.05,0.01,0.00298421,1.1,0.5,0.1,2.60736,45.8065
10,20,30,0.05,0.01,0.00141247,1.1,0.5,0.1,17.6019,343.769
10,20,30,0.05,0.01,0.00663721,1.1,0.5,0.1,1.16993,27.0757
10,20,30,0.05,0.01,0.00402933,1.1,0.5,0.1,3.07416,54.3253
10,20,30,0.05,0.01,0.00632375,1.1,0.5,0.1,1.08393,21.3796
10,20,30,0.05,0.01,0.00394168,1.1,0.5,0.1,2.87498,50.8991
10,20,30,0.05,0.01,0.00266893,1.1,0.5,0.1,2.08484,35.5892
10,20,30,0.05,0.01,0.00106395,1.1,0.5,0.1,12.8126,246.34
10,20,30,0.05,0.01,0.00245696,1.1,0.5,0.1,5.40518,100.783
10,20,30,0.05,0.01,0.00304478,1.1,0.5,0.1,7.54059,143.25
10,20,30,0.05,0.01,0.00353856,1.1,0.5,0.1,2.48832,42.4745
10,20,30,0.05,0.01,0.00468169,1.1,0.5,0.1,2.91082,51.3082
10,20,30,0.05,0.01,0.00550825,1.1,0.5,0.1,1.57245,26.8041
10,20,30,0.05,0.01,0.00531984,1.1,0.5,0.1,2.64094,58.5008
10,20,30,0.05,0.01,0.00206998,1.1,0.5,0.1,9.30951,177.938
10,20,30,0.05,0.01,0.00419539,1.1,0.5,0.1,1.23675,21.4369
10,20,30,0.05,0.01,0.00377335,1.1,0.5,0.1,1.56752,36.1931
10,20,30,0.05,0.01,0.00392225,1.1,0.5,0.1,3.23346,57.5352
10,20,30,0.05,0.01,0.00206256,1.1,0.5,0.1,14.37,279.796
10,20,30,0.05,0.01,0.00394363,1.1,0.5,0.1,1.8132,30.9997
10,20,30,0.05,0.01,0.00637815,1.1,0.5,0.1,2.46412,55.0181
10,20,30,0.05,0.01,0.00197253,1.1,0.5,0.1,7.85955,150.489
10,20,30,0.05,0.01,0.00517871,1.1,0.5,0.1,1.39255,32.352
10,20,30,0.05,0.01,0.00676872,1.1,0.5,0.1,1.37329,31.9247
10,20,30,0.05,0.01,0.00352607,1.1,0.5,0.1,3.83821,69.6681
10,20,30,0.05,0.01,0.00398381,1.1,0.5,0.1,1.08434,24.7549
10,20,30,0.05,0.01,0.0053316,1.1,0.5,0.1,1.1895,27.5974
10,20,30,0.05,0.01,0.00391208,1.1,0.5,0.1,2.16365,37.0091
10,20,30,0.05,0.01,0.006332,1.1,0.5,0.1,1.69566,38.9986
10,20,30,0.05,0.01,0.00324164,1.1,0.5,0.1,1.27436,22.7665
10,20,30,0.05,0.01,0.00527695,1.1,0.5,0.1,1.36491,31.7223
10,20,30,0.05,0.01,0.00494058,1.1,0.5,0.1,1.72479,39.8086
10,20,30,0.05,0.01,0.00370631,1.1,0.5,0.1,3.25956,57.4696
10,20,30,0.05,0.01,0.00620066,1.1,0.5,0.1,1.01968,19.8578
10,20,30,0.05,0.01,0.00114174,1.1,0.5,0.1,15.6086,304.171
10,20,30,0.05,0.01,0.00402864,1.1,0.5,0.1,1.39392,24.059
10,20,30,0.05,0.01,0.00285533,1.1,0.5,0.1,1.66715,27.9964
10,20,30,0.05,0.01,0.00253978,1.1,0.5,0.1,2.32129,41.5307
10,20,30,0.05,0.01,0.00461426,1.1,0.5,0.1,1.21365,21.5902
10,20,30,0.05,0.01,0.0029668,1.1,0.5,0.1,5.0509,93.6009
10,20,30,0.05,0.01,0.00492049,1.1,0.5,0.1,1.5189,35.2916
10,20,30,0.05,0.01,0.00641804,1.1,0.5,0.1,1.11223,25.648
10,20,30,0.05,0.01,0.00231205,1.1,0.5,0.1,8.501,162.37
10,20,30,0.05,0.01,0.00333511,1.1,0.5,0.1,5.07666,93.465
10,20,30,0.05,0.01,0.00528408,1.1,0.5,0.1,2.00129,34.5002
10,20,30,0.05,0.01,0.00587983,1.1,0.5,0.1,2.7838,49.5157
10,20,30,0.05,0.01,0.00321362,1.1,0.5,0.1,3.98209,73.0056
10,20,30,0.05,0.01,0.00646531,1.1,0.5,0.1,1.57724,36.4506
10,20,30,0.05,0.01,0.00131239,1.1,0.5,0.1,39.6723,781.344
10,20,30,0.05,0.01,0.00643785,1.1,0.5,0.1,1.08292,25.1672
10,20,30,0.05,0.01,0.00420446,1.1,0.5,0.1,1.29804,29.9523
10,20,30,0.05,0.01,0.00314309,1.1,0.5,0.1,3.18443,56.9249
10,20,30,0.05,0.01,0.00260133,1.1,0.5,0.1,9.21436,175.826
10,20,30,0.05,0.01,0.00492139,1.1,0.5,0.1,2.96811,52.6476
10,20,30,0.05,0.01,0.00251975,1.1,0.5,0.1,4.68003,86.1466
10,20,30,0.05,0.01,0.00370685,1.1,0.5,0.1,1.16108,20.5893
10,20,30,0.05,0.01,0.00200022,1.1,0.5,0.1,9.84797,187.378
10,20,30,0.05,0.01,0.00570855,1.1,0.5,0.1,1.04975,22.4239
10,20,30,0.05,0.01,0.00277689,1.1,0.5,0.1,4.83068,89.3759
10,20,30,0.05,0.01,0.00452913,1.1,0.5,0.1,1.34057,22.7717
10,20,30,0.05,0.01,0.00240466,1.1,0.5,0.1,4.00153,72.5882
10,20,30,0.05,0.01,0.00289659,1.1,0.5,0.1,2.70343,47.7586
10,20,30,0.05,0.01,0.00100657,1.1,0.5,0.1,42.1983,834.13
10,20,30,0.05,0.01,0.00311138,1.1,0.5,0.1,2.9617,51.9529
10,20,30,0.05,0.01,0.00403747,1.1,0.5,0.1,2.80329,48.9201
10,20,30,0.05,0.01,0.00456034,1.1,0.5,0.1,6.15817,115.402
10,20,30,0.05,0.01,0.00636016,1.1,0.5,0.1,1.50674,34.9052
10,20,30,0.05,0.01,0.0010591,1.1,0.5,0.1,16.7402,325.374
10,20,30,0.05,0.01,0.00155667,1.1,0.5,0.1,14.4998,281.323
10,20,30,0.05,0.01,0.00686474,1.1,0.5,0.1,3.20036,69.4954
10,20,30,0.05,0.01,0.00402001,1.1,0.5,0.1,3.07455,54.1516
10,20,30,0.05,0.01,0.00102081,1.1,0.5,0.1,11.1711,214.843
10,20,30,0.05,0.01,0.00295228,1.1,0.5,0.1,2.26601,38.1957
10,20,30,0.05,0.01,0.00517774,1.1,0.5,0.1,1.64746,37.9727
10,20,30,0.05,0.01,0.00403311,1.1,0.5,0.1,3.31349,58.8434
10,20,30,0.05,0.01,0.00349791,1.1,0.5,0.1,1.2492,22.0355
10,20,30,0.05,0.01,0.00594309,1.1,0.5,0.1,1.75437,40.4223
10,20,30,0.05,0.01,0.00572752,1.1,0.5,0.1,1.16269,21.3753
10,20,30,0.05,0.01,0.00485613,1.1,0.5,0.1,1.17532,26.4075
10,20,30,0.05,0.01,0.00523022,1.1,0.5,0.1,3.60292,77.5611
10,20,30,0.05,0.01,0.00123735,1.1,0.5,0.1,10.9406,210.824
10,20,30,0.05,0.01,0.00668122,1.1,0.5,0.1,2.71743,48.0623
10,20,30,0.05,0.01,0.00264667,1.1,0.5,0.1,7.32038,139.371
10,20,30,0.05,0.01,0.00236866,1.1,0.5,0.1,2.73049,47.3469
10,20,30,0.05,0.01,0.00662007,1.1,0.5,0.1,2.22288,38.5569
10,20,30,0.05,0.01,0.00348525,1.1,0.5,0.1,5.98575,112.325
10,20,30,0.05,0.01,0.00425017,1.1,0.5,0.1,1.2308,21.9271
10,20,30,0.05,0.01,0.00239466,1.1,0.5,0.1,4.59815,85.806
10,20,30,0.05,0.01,0.00308214,1.1,0.5,0.1,13.433,259.224
10,20,30,0.05,0.01,0.00241446,1.1,0.5,0.1,12.4051,237.089
10,20,30,0.05,0.01,0.00594454,1.1,0.5,0.1,1.50043,34.6294
10,20,30,0.05,0.01,0.00410586,1.1,0.5,0.1,6.04456,113.382
10,20,30,0.05,0.01,0.00293942,1.1,0.5,0.1,6.46065,121.821
10,20,30,0.05,0.01,0.00619298,1.1,0.5,0.1,2.38495,53.4013
10,20,30,0.05,0.01,0.00465697,1.1,0.5,0.1,0.990219,21.659
10,20,30,0.05,0.01,0.00379521,1.1,0.5,0.1,4.13162,75.469
10,20,30,0.05,0.01,0.00525121,1.1,0.5,0.1,1.48537,25.2226
10,20,30,0.05,0.01,0.00165872,1.1,0.5,0.1,6.40223,120.491
10,20,30,0.05,0.01,0.00310345,1.1,0.5,0.1,1.16782,24.6998
10,20,30,0.05,0.01,0.00464584,1.1,0.5,0.1,1.39757,32.7319
10,20,30,0.05,0.01,0.00559215,1.1,0.5,0.1,1.624,37.5889
10,20,30,0.05,0.01,0.00475433,1.1,0.5,0.1,3.83564,69.903
10,20,30,0.05,0.01,0.00366242,1.1,0.5,0.1,5.64826,104.701
10,20,30,0.05,0.01,0.00277241,1.1,0.5,0.1,6.73076,126.965
10,20,30,0.05,0.01,0.00323891,1.1,0.5,0.1,5.0544,93.6156
10,20,30,0.05,0.01,0.00454251,1.1,0.5,0.1,3.86841,69.9738
10,20,30,0.05,0.01,0.00628205,1.1,0.5,0.1,2.50884,55.709
10,20,30,0.05,0.01,0.00533592,1.1,0.5,0.1,1.72297,29.5393
10,20,30,0.05,0.01,0.00345613,1.1,0.5,0.1,1.0656,22.9588
10,20,30,0.05,0.01,0.00335897,1.1,0.5,0.1,1.16873,22.9628
10,20,30,0.05,0.01,0.00550585,1.1,0.5,0.1,1.7155,28.5839
10,20,30,0.05,0.01,0.00223731,1.1,0.5,0.1,1.05785,22.6062
10,20,30,0.05,0.01,0.00669521,1.1,0.5,0.1,3.30072,71.8384
10,20,30,0.05,0.01,0.00295736,1.1,0.5,0.1,8.05105,152.668
10,20,30,0.05,0.01,0.00586524,1.1,0.5,0.1,1.24371,29.1279
10,20,30,0.05,0.01,0.00563351,1.1,0.5,0.1,1.35443,31.6006
10,20,30,0.05,0.01,0.00332342,1.1,0.5,0.1,10.5372,203.624
10,20,30,0.05,0.01,0.00402631,1.1,0.5,0.1,1.17414,27.4612
10,20,30,0.05,0.01,0.00208309,1.1,0.5,0.1,9.96522,190.587
10,20,30,0.05,0.01,0.00213616,1.1,0.5,0.1,11.1379,213.87
10,20,30,0.05,0.01,0.00523044,1.1,0.5,0.1,1.06278,22.8003
10,20,30,0.05,0.01,0.00302866,1.1,0.5,0.1,6.61945,124.732
10,20,30,0.05,0.01,0.00333944,1.1,0.5,0.1,10.0194,192.574
10,20,30,0.05,0.01,0.00621802,1.1,0.5,0.1,1.45862,33.877
10,20,30,0.05,0.01,0.00273746,1.1,0.5,0.1,19.9626,388.462
10,20,30,0.05,0.01,0.00412827,1.1,0.5,0.1,1.24037,21.9904
10,20,30,0.05,0.01,0.00484971,1.1,0.5,0.1,1.10106,25.3058
10,20,30,0.05,0.01,0.00273405,1.1,0.5,0.1,9.68309,186.276
10,20,30,0.05,0.01,0.00118659,1.1,0.5,0.1,11.1635,214.534
10,20,30,0.05,0.01,0.00169784,1.1,0.5,0.1,3.84626,69.4205
10,20,30,0.05,0.01,0.00168881,1.1,0.5,0.1,3.43306,60.3474
10,20,30,0.05,0.01,0.00124647,1.1,0.5,0.1,11.3272,217.883
10,20,30,0.05,0.01,0.00456339,1.1,0.5,0.1,1.82113,30.7171
10,20,30,0.05,0.01,0.00132009,1.1,0.5,0.1,13.8127,266.679
10,20,30,0.05,0.01,0.0026467,1.1,0.5,0.1,1.96193,44.8596
10,20,30,0.05,0.01,0.00585105,1.1,0.5,0.1,2.86345,51.0145
10,20,30,0.05,0.01,0.00434994,1.1,0.5,0.1,2.68823,47.4939
10,20,30,0.05,0.01,0.00285609,1.1,0.5,0.1,6.47033,121.278
10,20,30,0.05,0.01,0.00673784,1.1,0.5,0.1,1.25924,29.0325
10,20,30,0.05,0.01,0.00228362,1.1,0.5,0.1,13.2175,255.666
10,20,30,0.05,0.01,0.0048778,1.1,0.5,0.1,1.01911,22.8393
10,20,30,0.05,0.01,0.00512395,1.1,0.5,0.1,1.85413,42.5304
10,20,30,0.05,0.01,0.00370207,1.1,0.5,0.1,4.0659,73.6066
10,20,30,0.05,0.01,0.00285605,1.1,0.5,0.1,5.57264,105.322
10,20,30,0.05,0.01,0.00576241,1.1,0.5,0.1,1.39884,32.6937
10,20,30,0.05,0.01,0.00573081,1.1,0.5,0.1,1.41284,33.0563
10,20,30,0.05,0.01,0.0048153,1.1,0.5,0.1,3.61767,65.7039
10,20,30,0.05,0.01,0.00134263,1.1,0.5,0.1,8.32002,158.124
10,20,30,0.05,0.01,0.00460381,1.1,0.5,0.1,1.35779,31.778
10,20,30,0.05,0.01,0.00305869,1.1,0.5,0.1,3.18498,56.7845
10,20,30,0.05,0.01,0.00604892,1.1,0.5,0.1,1.10039,21.3923
10,20,30,0.05,0.01,0.00456904,1.1,0.5,0.1,1.69949,28.852
10,20,30,0.05,0.01,0.00565956,1.1,0.5,0.1,1.05327,19.9208
10,20,30,0.05,0.01,0.00383227,1.1,0.5,0.1,4.58546,85.065
10,20,30,0.05,0.01,0.00682089,1.1,0.5,0.1,3.17328,69.1217
10,20,30,0.05,0.01,0.00342988,1.1,0.5,0.1,7.12927,135.22
10,20,30,0.05,0.01,0.00492792,1.1,0.5,0.1,1.37481,23.3047
10,20,30,0.05,0.01,0.00103427,1.1,0.5,0.1,21.3796,417.103
10,20,30,0.05,0.01,0.00191555,1.1,0.5,0.1,8.24931,157.737
10,20,30,0.05,0.01,0.00397843,1.1,0.5,0.1,1.55937,26.0205
10,20,30,0.05,0.01,0.00103579,1.1,0.5,0.1,12.7948,248.137
10,20,30,0.05,0.01,0.0018807,1.1,0.5,0.1,13.882,267.919
10,20,30,0.05,0.01,0.00452346,1.1,0.5,0.1,1.16997,21.3023
10,20,30,0.05,0.01,0.00654966,1.1,0.5,0.1,2.7415,60.582
10,20,30,0.05,0.01,0.00643294,1.1,0.5,0.1,1.09003,24.6817
10,20,30,0.05,0.01,0.00341971,1.1,0.5,0.1,6.26602,117.74
10,20,30,0.05,0.01,0.0051335,1.1,0.5,0.1,4.78053,88.9683
10,20,30,0.05,0.01,0.00598356,1.1,0.5,0.1,3.28872,58.783
10,20,30,0.05,0.01,0.002398,1.1,0.5,0.1,6.96085,130.641
10,20,30,0.05,0.01,0.00605203,1.1,0.5,0.1,1.2152,28.3587
10,20,30,0.05,0.01,0.00369579,1.1,0.5,0.1,3.24509,57.9256
10,20,30,0.05,0.01,0.00658964,1.1,0.5,0.1,2.57089,57.2082
10,20,30,0.05,0.01,0.00116993,1.1,0.5,0.1,10.4287,200.781
10,20,30,0.05,0.01,0.0030757,1.1,0.5,0.1,5.14048,95.9429
10,20,30,0.05,0.01,0.00435804,1.1,0.5,0.1,3.55053,63.359
10,20,30,0.05,0.01,0.00595849,1.1,0.5,0.1,1.6212,27.211
10,20,30,0.05,0.01,0.00316962,1.1,0.5,0.1,5.90404,110.422
10,20,30,0.05,0.01,0.0045574,1.1,0.5,0.1,2.48191,43.0659
10,20,30,0.05,0.01,0.00251945,1.1,0.5,0.1,2.20766,49.3282
10,20,30,0.05,0.01,0.00421611,1.1,0.5,0.1,4.61618,84.7482
10,20,30,0.05,0.01,0.00566123,1.1,0.5,0.1,1.62532,37.5291
10,20,30,0.05,0.01,0.0031192,1.1,0.5,0.1,3.63048,65.9548
10,20,30,0.05,0.01,0.00285631,1.1,0.5,0.1,2.78756,50.1005
10,20,30,0.05,0.01,0.00166742,1.1,0.5,0.1,7.63277,145.765
10,20,30,0.05,0.01,0.00612431,1.1,0.5,0.1,1.67106,38.4562
10,20,30,0.05,0.01,0.00469032,1.1,0.5,0.1,2.94194,64.8874
10,20,30,0.05,0.01,0.0065666,1.1,0.5,0.1,1.01366,22.9611
10,20,30,0.05,0.01,0.00141289,1.1,0.5,0.1,25.9284,505.734
10,20,30,0.05,0.01,0.00464696,1.1,0.5,0.1,1.9957,33.8918
10,20,30,0.05,0.01,0.00571064,1.1,0.5,0.1,1.14517,22.8959
10,20,30,0.05,0.01,0.00484889,1.1,0.5,0.1,3.57331,64.3567
10,20,30,0.05,0.01,0.00433706,1.1,0.5,0.1,2.5079,55.7178
10,20,30,0.05,0.01,0.00275339,1.1,0.5,0.1,11.8958,228.712
10,20,30,0.05,0.01,0.00418819,1.1,0.5,0.1,2.74233,47.7251
10,20,30,0.05,0.01,0.00439693,1.1,0.5,0.1,3.59653,65.3752
10,20,30,0.05,0.01,0.00275011,1.1,0.5,0.1,7.54974,142.101
10,20,30,0.05,0.01,0.00332728,1.1,0.5,0.1,4.24326,77.3962
10,20,30,0.05,0.01,0.00496788,1.1,0.5,0.1,3.38282,61.1908
10,20,30,0.05,0.01,0.00556235,1.1,0.5,0.1,3.19278,57.7222
10,20,30,0.05,0.01,0.00121306,1.1,0.5,0.1,1.11046,23.1934
10,20,30,0.05,0.01,0.00249358,1.1,0.5,0.1,7.20492,136.354
10,20,30,0.05,0.01,0.00417501,1.1,0.5,0.1,2.72766,47.5186
10,20,30,0.05,0.01,0.00503506,1.1,0.5,0.1,2.69591,59.8789
10,20,30,0.05,0.01,0.00318927,1.1,0.5,0.1,1.2205,21.5501
10,20,30,0.05,0.01,0.00179311,1.1,0.5,0.1,10.7399,206.774
10,20,30,0.05,0.01,0.00606578,1.1,0.5,0.1,1.0384,23.0141
10,20,30,0.05,0.01,0.00279939,1.1,0.5,0.1,6.48813,121.702
10,20,30,0.05,0.01,0.00154627,1.1,0.5,0.1,8.19704,154.404
10,20,30,0.05,0.01,0.00221504,1.1,0.5,0.1,10.8887,209.607
10,20,30,0.05,0.01,0.00607093,1.1,0.5,0.1,1.02312,22.2297
10,20,30,0.05,0.01,0.00326868,1.1,0.5,0.1,4.88478,90.342
10,20,30,0.05,0.01,0.00534813,1.1,0.5,0.1,1.36803,23.5696
10,20,30,0.05,0.01,0.0041557,1.1,0.5,0.1,1.21153,28.3996
10,20,30,0.05,0.01,0.00397656,1.1,0.5,0.1,5.88079,109.63
10,20,30,0.05,0.01,0.0048194,1.1,0.5,0.1,2.6183,46.3322
10,20,30,0.05,0.01,0.00692731,1.1,0.5,0.1,3.16978,69.2668
10,20,30,0.05,0.01,0.00337107,1.1,0.5,0.1,3.07476,54.1501
10,20,30,0.05,0.01,0.0065476,1.1,0.5,0.1,3.08791,67.6199
10,20,30,0.05,0.01,0.00576029,1.1,0.5,0.1,0.994629,20.9085
10,20,30,0.05,0.01,0.00234262,1.1,0.5,0.1,13.49,259.757
10,20,30,0.05,0.01,0.0058532,1.1,0.5,0.1,2.50702,43.8374
10,20,30,0.05,0.01,0.00401407,1.1,0.5,0.1,1.31838,22.3505
10,20,30,0.05,0.01,0.00644051,1.1,0.5,0.1,1.1593,26.4804
10,20,30,0.05,0.01,0.0041356,1.1,0.5,0.1,1.93381,33.179
10,20,30,0.05,0.01,0.00266766,1.1,0.5,0.1,2.73289,47.7604
10,20,30,0.05,0.01,0.00261984,1.1,0.5,0.1,3.0694,53.7988
10,20,30,0.05,0.01,0.00447196,1.1,0.5,0.1,1.11783,21.6625
10,20,30,0.05,0.01,0.00293535,1.1,0.5,0.1,1.84274,41.3204
10,20,30,0.05,0.01,0.00413908,1.1,0.5,0.1,1.74941,29.0627
10,20,30,0.05,0.01,0.00405686,1.1,0.5,0.1,3.91906,83.8605
10,20,30,0.05,0.01,0.00421327,1.1,0.5,0.1,1.11531,24.8947
10,20,30,0.05,0.01,0.00312762,1.1,0.5,0.1,8.14565,155.216
10,20,30,0.05,0.01,0.00535797,1.1,0.5,0.1,3.71132,79.7203
10,20,30,0.05,0.01,0.00291158,1.1,0.5,0.1,4.43908,81.5245
10,20,30,0.05,0.01,0.00303782,1.1,0.5,0.1,3.10281,55.194
10,20,30,0.05,0.01,0.00361955,1.1,0.5,0.1,2.52252,44.3744
10,20,30,0.05,0.01,0.00330969,1.1,0.5,0.1,4.71655,86.7659
10,20,30,0.05,0.01,0.00111477,1.1,0.5,0.1,15.0893,291.448
10,20,30,0.05,0.01,0.00320985,1.1,0.5,0.1,5.46702,102.266
10,20,30,0.05,0.01,0.00698407,1.1,0.5,0.1,2.33477,52.281
10,20,30,0.05,0.01,0.00479611,1.1,0.5,0.1,1.02805,20.0221
10,20,30,0.05,0.01,0.00149745,1.1,0.5,0.1,1.11072,24.4153
10,20,30,0.05,0.01,0.00430764,1.1,0.5,0.1,1.71969,29.1919
10,20,30,0.05,0.01,0.00322587,1.1,0.5,0.1,1.04998,24.0891
10,20,30,0.05,0.01,0.00576671,1.1,0.5,0.1,1.56563,36.4217
10,20,30,0.05,0.01,0.00204556,1.1,0.5,0.1,6.12651,115.233
10,20,30,0.05,0.01,0.00486099,1.1,0.5,0.1,1.39393,23.9113
10,20,30,0.05,0.01,0.00616068,1.1,0.5,0.1,1.20135,27.9021
10,20,30,0.05,0.01,0.00436384,1.1,0.5,0.1,1.46184,24.5148
10,20,30,0.05,0.01,0.00399714,1.1,0.5,0.1,2.02475,34.2229
10,20,30,0.05,0.01,0.00188538,1.1,0.5,0.1,6.9694,131.483
10,20,30,0.05,0.01,0.00669641,1.1,0.5,0.1,2.33418,52.1923
10,20,30,0.05,0.01,0.00637737,1.1,0.5,0.1,1.44863,33.7159
10,20,30,0.05,0.01,0.00149083,1.1,0.5,0.1,8.50088,162.048
10,20,30,0.05,0.01,0.00187669,1.1,0.5,0.1,1.43027,23.6068
10,20,30,0.05,0.01,0.00491831,1.1,0.5,0.1,1.90977,32.9794
10,20,30,0.05,0.01,0.00388961,1.1,0.5,0.1,3.59848,64.7873
10,20,30,0.05,0.01,0.00380609,1.1,0.5,0.1,2.65911,47.0057
10,20,30,0.05,0.01,0.00616098,1.1,0.5,0.1,3.06193,66.9039
10,20,30,0.05,0.01,0.00659232,1.1,0.5,0.1,2.33793,52.4496
10,20,30,0.05,0.01,0.00478392,1.1,0.5,0.1,2.80941,49.8136
10,20,30,0.05,0.01,0.00617114,1.1,0.5,0.1,1.8752,42.9328
10,20,30,0.05,0.01,0.00402535,1.1,0.5,0.1,3.8273,69.6464
10,20,30,0.05,0.01,0.00207513,1.1,0.5,0.1,6.56452,123.135
10,20,30,0.05,0.01,0.00251911,1.1,0.5,0.1,10.6742,203.944
10,20,30,0.05,0.01,0.00598188,1.1,0.5,0.1,3.62016,78.2411
10,20,30,0.05,0.01,0.00519299,1.1,0.5,0.1,1.61827,37.4151
10,20,30,0.05,0.01,0.00640671,1.1,0.5,0.1,1.14783,25.5255
10,20,30,0.05,0.01,0.00175548,1.1,0.5,0.1,9.91741,190.463
10,20,30,0.05,0.01,0.00357401,1.1,0.5,0.1,11.5711,223.044
10,20,30,0.05,0.01,0.00448297,1.1,0.5,0.1,6.57256,123.971
10,20,30,0.05,0.01,0.00253913,1.1,0.5,0.1,3.47591,62.8573
10,20,30,0.05,0.01,0.00296382,1.1,0.5,0.1,5.74286,106.783
10,20,30,0.05,0.01,0.00680595,1.1,0.5,0.1,4.11139,87.878
10,20,30,0.05,0.01,0.00267783,1.1,0.5,0.1,5.05506,92.9204
10,20,30,0.05,0.01,0.00541425,1.1,0.5,0.1,3.2768,58.4533
10,20,30,0.05,0.01,0.00207723,1.1,0.5,0.1,11.7418,225.623
10,20,30,0.05,0.01,0.00483251,1.1,0.5,0.1,3.63784,65.4234
10,20,30,0.05,0.01,0.00406702,1.1,0.5,0.1,1.07233,19.6335
10,20,30,0.05,0.01,0.00273988,1.1,0.5,0.1,7.80567,148.478
10,20,30,0.05,0.01,0.00424389,1.1,0.5,0.1,1.97102,44.7762
10,20,30,0.05,0.01,0.00324659,1.1,0.5,0.1,1.35893,23.2725
10,20,30,0.05,0.01,0.00166878,1.1,0.5,0.1,5.70677,106.81
10,20,30,0.05,0.01,0.00349277,1.1,0.5,0.1,5.53357,103.782
10,20,30,0.05,0.01,0.00555729,1.1,0.5,0.1,1.23233,29.0009
10,20,30,0.05,0.01,0.00129777,1.1,0.5,0.1,11.3102,217.111
10,20,30,0.05,0.01,0.00647929,1.1,0.5,0.1,2.94108,64.4605
10,20,30,0.05,0.01,0.00634094,1.1,0.5,0.1,2.63643,58.5936
10,20,30,0.05,0.01,0.0035518,1.1,0.5,0.1,2.3574,40.7945
10,20,30,0.05,0.01,0.00339248,1.1,0.5,0.1,5.22126,96.8614
10,20,30,0.05,0.01,0.00663187,1.1,0.5,0.1,1.19339,27.9739
10,20,30,0.05,0.01,0.00192868,1.1,0.5,0.1,8.14678,156.852
10,20,30,0.05,0.01,0.00479472,1.1,0.5,0.1,1.46148,34.0083
10,20,30,0.05,0.01,0.00106,1.1,0.5,0.1,19.1861,373.321
10,20,30,0.05,0.01,0.0042539,1.1,0.5,0.1,0.994765,21.2367
10,20,30,0.05,0.01,0.00283486,1.1,0.5,0.1,7.15079,134.552
10,20,30,0.05,0.01,0.00434437,1.1,0.5,0.1,1.7379,29.1209
10,20,30,0.05,0.01,0.00426115,1.1,0.5,0.1,2.02136,35.5613
10,20,30,0.05,0.01,0.00525829,1.1,0.5,0.1,1.0798,20.9583
10,20,30,0.05,0.01,0.00508717,1.1,0.5,0.1,1.02615,22.8566
10,20,30,0.05,0.01,0.00672047,1.1,0.5,0.1,3.88645,83.3808
10,20,30,0.05,0.01,0.00182874,1.1,0.5,0.1,8.5658,162.442
10,20,30,0.05,0.01,0.00200232,1.1,0.5,0.1,7.62532,144.125
10,20,30,0.05,0.01,0.0060876,1.1,0.5,0.1,1.90515,43.3476
10,20,30,0.05,0.01,0.00278846,1.1,0.5,0.1,4.31137,79.7871
10,20,30,0.05,0.01,0.00225153,1.1,0.5,0.1,9.72457,185.768
10,20,30,0.05,0.01,0.0047273,1.1,0.5,0.1,1.5711,25.8403
10,20,30,0.05,0.01,0.00305403,1.1,0.5,0.1,5.08291,93.7944
10,20,30,0.05,0.01,0.00292468,1.1,0.5,0.1,3.06695,54.1714
10,20,30,0.05,0.01,0.00474973,1.1,0.5,0.1,1.67659,28.2543
10,20,30,0.05,0.01,0.00223052,1.1,0.5,0.1,5.88828,110.546
10,20,30,0.05,0.01,0.00518178,1.1,0.5,0.1,1.97217,44.9461
10,20,30,0.05,0.01,0.00672145,1.1,0.5,0.1,1.32769,30.8926
10,20,30,0.05,0.01,0.00695635,1.1,0.5,0.1,3.09173,67.4105
10,20,30,0.05,0.01,0.00114209,1.1,0.5,0.1,4.64322,85.4044
10,20,30,0.05,0.01,0.00124748,1.1,0.5,0.1,11.3642,216.849
10,20,30,0.05,0.01,0.00397041,1.1,0.5,0.1,1.42836,23.8187
10,20,30,0.05,0.01,0.00153608,1.1,0.5,0.1,1.15936,21.7678
10,20,30,0.05,0.01,0.00629376,1.1,0.5,0.1,1.03198,22.6901
10,20,30,0.05,0.01,0.00298445,1.1,0.5,0.1,3.74137,68.4357
10,20,30,0.05,0.01,0.00424674,1.1,0.5,0.1,6.94985,132.543
10,20,30,0.05,0.01,0.00119257,1.1,0.5,0.1,24.3336,477.75
10,20,30,0.05,0.01,0.00241064,1.1,0.5,0.1,12.9192,251.243
10,20,30,0.05,0.01,0.00311217,1.1,0.5,0.1,1.35,22.9982
10,20,30,0.05,0.01,0.00522324,1.1,0.5,0.1,1.63549,37.95
10,20,30,0.05,0.01,0.00355929,1.1,0.5,0.1,2.20074,37.8367
10,20,30,0.05,0.01,0.00446218,1.1,0.5,0.1,1.51168,35.2365
10,20,30,0.05,0.01,0.00682163,1.1,0.5,0.1,3.24704,58.3957
10,20,30,0.05,0.01,0.0013034,1.1,0.5,0.1,12.976,249.178
10,20,30,0.05,0.01,0.00244095,1.1,0.5,0.1,8.59621,163.873
10,20,30,0.05,0.01,0.00504854,1.1,0.5,0.1,1.28794,29.9999
10,20,30,0.05,0.01,0.00469474,1.1,0.5,0.1,2.82775,50.4293
10,20,30,0.05,0.01,0.00460774,1.1,0.5,0.1,1.03948,21.245
10,20,30,0.05,0.01,0.00312754,1.1,0.5,0.1,2.66609,46.9699
10,20,30,0.05,0.01,0.00447933,1.1,0.5,0.1,2.28441,51.5092
10,20,30,0.05,0.01,0.00432529,1.1,0.5,0.1,2.1458,36.7809
10,20,30,0.05,0.01,0.00558526,1.1,0.5,0.1,1.01999,22.1356
10,20,30,0.05,0.01,0.00393909,1.1,0.5,0.1,1.73921,40.2073
10,20,30,0.05,0.01,0.00351165,1.1,0.5,0.1,1.8071,30.1486
10,20,30,0.05,0.01,0.00562257,1.1,0.5,0.1,1.09581,25.0641
10,20,30,0.05,0.01,0.00527767,1.1,0.5,0.1,1.56945,26.3367
10,20,30,0.05,0.01,0.00419704,1.1,0.5,0.1,1.9425,32.718
10,20,30,0.05,0.01,0.00592638,1.1,0.5,0.1,1.14171,22.9094
10,20,30,0.05,0.01,0.00660685,1.1,0.5,0.1,1.86463,42.6206
10,20,30,0.05,0.01,0.00101062,1.1,0.5,0.1,18.4566,359.416
10,20,30,0.05,0.01,0.00156818,1.1,0.5,0.1,2.97314,52.7266
10,20,30,0.05,0.01,0.00350977,1.1,0.5,0.1,2.86822,50.5857
10,20,30,0.05,0.01,0.00472176,1.1,0.5,0.1,1.0739,20.4674
10,20,30,0.05,0.01,0.00194713,1.1,0.5,0.1,1.79336,30.8343
10,20,30,0.05,0.01,0.00307642,1.1,0.5,0.1,1.51522,25.9195
10,20,30,0.05,0.01,0.00167891,1.1,0.5,0.1,18.3324,356.939
10,20,30,0.05,0.01,0.00179898,1.1,0.5,0.1,9.95135,191.191
10,20,30,0.05,0.01,0.00279356,1.1,0.5,0.1,3.38448,60.134
10,20,30,0.05,0.01,0.00636928,1.1,0.5,0.1,1.22091,21.3492
10,20,30,0.05,0.01,0.00458256,1.1,0.5,0.1,1.41462,32.5847
10,20,30,0.05,0.01,0.0025515,1.1,0.5,0.1,4.86831,88.9244
10,20,30,0.05,0.01,0.0042106,1.1,0.5,0.1,1.97963,34.249
10,20,30,0.05,0.01,0.00658124,1.1,0.5,0.1,3.61957,78.1735
10,20,30,0.05,0.01,0.00344622,1.1,0.5,0.1,1.06555,21.8782
10,20,30,0.05,0.01,0.00666087,1.1,0.5,0.1,2.53147,56.077
10,20,30,0.05,0.01,0.00602448,1.1,0.5,0.1,1.16725,27.42
10,20,30,0.05,0.01,0.00641763,1.1,0.5,0.1,1.08205,24.8763
10,20,30,0.05,0.01,0.00185759,1.1,0.5,0.1,3.68578,66.7143
10,20,30,0.05,0.01,0.00145977,1.1,0.5,0.1,2.49423,44.7377
10,20,30,0.05,0.01,0.00492762,1.1,0.5,0.1,2.14404,37.7703
10,20,30,0.05,0.01,0.0050567,1.1,0.5,0.1,4.38761,81.0322
10,20,30,0.05,0.01,0.00207079,1.1,0.5,0.1,10.4998,201.355
10,20,30,0.05,0.01,0.00101918,1.1,0.5,0.1,16.9485,329.914
10,20,30,0.05,0.01,0.00105488,1.1,0.5,0.1,16.1331,313.321
10,20,30,0.05,0.01,0.00580246,1.1,0.5,0.1,1.15136,21.7248
10,20,30,0.05,0.01,0.00253473,1.1,0.5,0.1,6.38597,119.848
10,20,30,0.05,0.01,0.00231743,1.1,0.5,0.1,3.58555,64.6193
10,20,30,0.05,0.01,0.0065353,1.1,0.5,0.1,1.77474,40.7862
10,20,30,0.05,0.01,0.00194846,1.1,0.5,0.1,12.2803,236.263
10,20,30,0.05,0.01,0.00141287,1.1,0.5,0.1,13.9706,271.122
10,20,30,0.05,0.01,0.00296386,1.1,0.5,0.1,2.75595,47.8449
10,20,30,0.05,0.01,0.00513892,1.1,0.5,0.1,1.21916,21.467
10,20,30,0.05,0.01,0.0063814,1.1,0.5,0.1,1.09987,25.0991
10,20,30,0.05,0.01,0.00285958,1.1,0.5,0.1,5.02832,92.9254
10,20,30,0.05,0.01,0.00107311,1.1,0.5,0.1,10.9446,210.736
10,20,30,0.05,0.01,0.00354644,1.1,0.5,0.1,4.93112,104.175
10,20,30,0.05,0.01,0.00100241,1.1,0.5,0.1,1.21816,23.105
10,20,30,0.05,0.01,0.00164776,1.1,0.5,0.1,33.6647,661.517
10,20,30,0.05,0.01,0.00211235,1.1,0.5,0.1,5.70458,105.741
10,20,30,0.05,0.01,0.00132746,1.1,0.5,0.1,6.58767,123.998
10,20,30,0.05,0.01,0.00533875,1.1,0.5,0.1,0.980018,21.2095
10,20,30,0.05,0.01,0.00530577,1.1,0.5,0.1,1.20499,28.4542
10,20,30,0.05,0.01,0.00340603,1.1,0.5,0.1,5.20085,97.4508
10,20,30,0.05,0.01,0.00373725,1.1,0.5,0.1,7.78323,146.969
10,20,30,0.05,0.01,0.00136002,1.1,0.5,0.1,10.2448,195.013
10,20,30,0.05,0.01,0.0047471,1.1,0.5,0.1,1.22777,21.983
10,20,30,0.05,0.01,0.00213779,1.1,0.5,0.1,5.39647,100.776
10,20,30,0.05,0.01,0.00582041,1.1,0.5,0.1,1.30113,30.2329
10,20,30,0.05,0.01,0.00414817,1.1,0.5,0.1,1.99795,45.5013
10,20,30,0.05,0.01,0.00465429,1.1,0.5,0.1,1.08415,21.1921
10,20,30,0.05,0.01,0.00229614,1.1,0.5,0.1,1.79687,41.5432
10,20,30,0.05,0.01,0.00492067,1.1,0.5,0.1,2.85647,50.3599
10,20,30,0.05,0.01,0.00183823,1.1,0.5,0.1,10.8121,208.629
10,20,30,0.05,0.01,0.00468647,1.1,0.5,0.1,1.6111,37.2755
10,20,30,0.05,0.01,0.00543383,1.1,0.5,0.1,1.05184,23.024
10,20,30,0.05,0.01,0.0055122,1.1,0.5,0.1,2.94458,51.8772
10,20,30,0.05,0.01,0.00693763,1.1,0.5,0.1,1.12911,26.2175
10,20,30,0.05,0.01,0.00558876,1.1,0.5,0.1,2.18475,49.2327
10,20,30,0.05,0.01,0.00349702,1.1,0.5,0.1,3.64194,65.477
10,20,30,0.05,0.01,0.00283639,1.1,0.5,0.1,3.61128,65.5856
10,20,30,0.05,0.01,0.0047497,1.1,0.5,0.1,1.08882,20.4472
10,20,30,0.05,0.01,0.00134761,1.1,0.5,0.1,14.0664,272.857
10,20,30,0.05,0.01,0.00463429,1.1,0.5,0.1,1.83169,31.1718
10,20,30,0.05,0.01,0.00416681,1.1,0.5,0.1,2.62124,46.2378
10,20,30,0.05,0.01,0.00662165,1.1,0.5,0.1,1.62828,37.5324
10,20,30,0.05,0.01,0.00406891,1.1,0.5,0.1,2.58106,45.521
10,20,30,0.05,0.01,0.00592883,1.1,0.5,0.1,1.00171,20.6227
10,20,30,0.05,0.01,0.00252338,1.1,0.5,0.1,10.832,207.976
10,20,30,0.05,0.01,0.0069313,1.1,0.5,0.1,1.07897,24.5333
10,20,30,0.05,0.01,0.00185308,1.1,0.5,0.1,9.81589,186.824
10,20,30,0.05,0.01,0.0037135,1.1,0.5,0.1,3.60028,63.7299
10,20,30,0.05,0.01,0.00107936,1.1,0.5,0.1,24.2653,473.849
10,20,30,0.05,0.01,0.00577911,1.1,0.5,0.1,1.85605,42.5075
10,20,30,0.05,0.01,0.00360473,1.1,0.5,0.1,2.21621,38.9765
10,20,30,0.05,0.01,0.0066419,1.1,0.5,0.1,1.42647,33.1837
10,20,30,0.05,0.01,0.00575496,1.1,0.5,0.1,2.35256,40.6877
10,20,30,0.05,0.01,0.00105382,1.1,0.5,0.1,12.6122,242.156
10,20,30,0.05,0.01,0.00576814,1.1,0.5,0.1,2.59335,57.4795
10,20,30,0.05,0.01,0.00388485,1.1,0.5,0.1,1.40077,32.4405
10,20,30,0.05,0.01,0.00610617,1.1,0.5,0.1,1.04358,22.0247
10,20,30,0.05,0.01,0.00457332,1.1,0.5,0.1,1.14985,26.5665
10,20,30,0.05,0.01,0.00331809,1.1,0.5,0.1,4.19446,76.2774
10,20,30,0.05,0.01,0.00411598,1.1,0.5,0.1,1.47018,24.8429
10,20,30,0.05,0.01,0.00509432,1.1,0.5,0.1,1.46365,34.1552
10,20,30,0.05,0.01,0.00129318,1.1,0.5,0.1,11.2042,216.363
10,20,30,0.05,0.01,0.00570956,1.1,0.5,0.1,1.39062,32.0863
10,20,30,0.05,0.01,0.00456118,1.1,0.5,0.1,1.31764,22.4834
10,20,30,0.05,0.01,0.00608045,1.1,0.5,0.1,1.16429,26.8009
10,20,30,0.05,0.01,0.00401129,1.1,0.5,0.1,4.24449,77.988
10,20,30,0.05,0.01,0.0017153,1.1,0.5,0.1,9.9927,191.57
10,20,30,0.05,0.01,0.00439603,1.1,0.5,0.1,1.28035,29.939
10,20,30,0.05,0.01,0.00440424,1.1,0.5,0.1,3.17826,69.4945
10,20,30,0.05,0.01,0.00381802,1.1,0.5,0.1,2.9498,50.9761
10,20,30,0.05,0.01,0.00241988,1.1,0.5,0.1,6.49102,122.175
10,20,30,0.05,0.01,0.00410456,1.1,0.5,0.1,2.52863,44.2415
10,20,30,0.05,0.01,0.0032348,1.1,0.5,0.1,2.33866,40.2383
10,20,30,0.05,0.01,0.0066039,1.1,0.5,0.1,2.13858,48.4137
10,20,30,0.05,0.01,0.00622823,1.1,0.5,0.1,1.06537,24.0695
10,20,30,0.05,0.01,0.00545201,1.1,0.5,0.1,2.24257,39.4093
10,20,30,0.05,0.01,0.00590617,1.1,0.5,0.1,1.07534,22.3703
10,20,30,0.05,0.01,0.00513426,1.1,0.5,0.1,2.50518,55.7808
10,20,30,0.05,0.01,0.00397281,1.1,0.5,0.1,1.0871,22.407
10,20,30,0.05,0.01,0.00693133,1.1,0.5,0.1,1.32496,30.9702
10,20,30,0.05,0.01,0.00558969,1.1,0.5,0.1,1.68389,28.6052
10,20,30,0.05,0.01,0.00484369,1.1,0.5,0.1,2.89171,63.5199
10,20,30,0.05,0.01,0.00672126,1.1,0.5,0.1,3.02265,66.1894
10,20,30,0.05,0.01,0.00305556,1.1,0.5,0.1,1.12528,23.1745
10,20,30,0.05,0.01,0.00523416,1.1,0.5,0.1,1.17579,21.2269
10,20,30,0.05,0.01,0.00310048,1.1,0.5,0.1,6.08561,113.528
10,20,30,0.05,0.01,0.00594467,1.1,0.5,0.1,1.86304,42.7744
10,20,30,0.05,0.01,0.00607224,1.1,0.5,0.1,1.05756,23.4413
10,20,30,0.05,0.01,0.00129677,1.1,0.5,0.1,12.343,238.195
10,20,30,0.05,0.01,0.00309719,1.1,0.5,0.1,3.42965,62.1555
10,20,30,0.05,0.01,0.00121396,1.1,0.5,0.1,10.7682,206.817
10,20,30,0.05,0.01,0.00665082,1.1,0.5,0.1,1.66764,38.3713
10,20,30,0.05,0.01,0.00466933,1.1,0.5,0.1,2.30647,40.4285
10,20,30,0.05,0.01,0.00371283,1.1,0.5,0.1,5.20948,96.6515
10,20,30,0.05,0.01,0.00318154,1.1,0.5,0.1,2.48208,43.1918
10,20,30,0.05,0.01,0.00115692,1.1,0.5,0.1,14.538,283.102
10,20,30,0.05,0.01,0.00422531,1.1,0.5,0.1,1.3449,23.0169
10,20,30,0.05,0.01,0.0035276,1.1,0.5,0.1,4.4671,81.832
10,20,30,0.05,0.01,0.00438891,1.1,0.5,0.1,7.84576,149.144
10,20,30,0.05,0.01,0.00244025,1.1,0.5,0.1,8.86519,169.764
10,20,30,0.05,0.01,0.00253119,1.1,0.5,0.1,1.13896,22.0336
10,20,30,0.05,0.01,0.00405823,1.1,0.5,0.1,1.41246,32.7531
10,20,30,0.05,0.01,0.00243994,1.1,0.5,0.1,11.2351,216.131
10,20,30,0.05,0.01,0.00545198,1.1,0.5,0.1,2.23009,49.9445
10,20,30,0.05,0.01,0.00177463,1.1,0.5,0.1,8.45506,160.336
10,20,30,0.05,0.01,0.00193382,1.1,0.5,0.1,9.01779,172.39
10,20,30,0.05,0.01,0.00297011,1.1,0.5,0.1,7.26182,137.361
10,20,30,0.05,0.01,0.00534783,1.1,0.5,0.1,2.52607,55.9212
10,20,30,0.05,0.01,0.00344315,1.1,0.5,0.1,6.82701,128.679
10,20,30,0.05,0.01,0.00553861,1.1,0.5,0.1,1.01802,20.0973
10,20,30,0.05,0.01,0.00192584,1.1,0.5,0.1,3.68445,66.1991
10,20,30,0.05,0.01,0.00175134,1.1,0.5,0.1,11.2674,216.55
10,20,30,0.05,0.01,0.00652167,1.1,0.5,0.1,1.56222,36.2207
10,20,30,0.05,0.01,0.00331596,1.1,0.5,0.1,1.5574,26.4985
10,20,30,0.05,0.01,0.00610125,1.1,0.5,0.1,3.60504,77.6245
10,20,30,0.05,0.01,0.00212773,1.1,0.5,0.1,12.8267,246.795
10,20,30,0.05,0.01,0.00379561,1.1,0.5,0.1,1.06444,20.4345
10,20,30,0.05,0.01,0.00618258,1.1,0.5,0.1,1.98921,45.3024
10,20,30,0.05,0.01,0.00349465,1.1,0.5,0.1,3.45586,62.9282
10,20,30,0.05,0.01,0.0040104,1.1,0.5,0.1,1.20147,27.2061
10,20,30,0.05,0.01,0.00503286,1.1,0.5,0.1,1.40603,23.9941
10,20,30,0.05,0.01,0.004357,1.1,0.5,0.1,1.24998,21.8483
10,20,30,0.05,0.01,0.00647021,1.1,0.5,0.1,1.27112,29.7499
10,20,30,0.05,0.01,0.00455042,1.1,0.5,0.1,2.82868,49.8784
10,20,30,0.05,0.01,0.00162324,1.1,0.5,0.1,18.1727,354.464
10,20,30,0.05,0.01,0.00191482,1.1,0.5,0.1,4.59589,85.0349
10,20,30,0.05,0.01,0.00474019,1.1,0.5,0.1,2.73513,48.702
10,20,30,0.05,0.01,0.00369057,1.1,0.5,0.1,1.03686,19.9808
10,20,30,0.05,0.01,0.0040012,1.1,0.5,0.1,3.68527,67.1033
10,20,30,0.05,0.01,0.00247511,1.1,0.5,0.1,8.87802,169.603
10,20,30,0.05,0.01,0.00529171,1.1,0.5,0.1,2.94186,64.8572
10,20,30,0.05,0.01,0.00133665,1.1,0.5,0.1,15.6883,303.104
10,20,30,0.05,0.01,0.00637545,1.1,0.5,0.1,1.43613,24.4965
10,20,30,0.05,0.01,0.00359594,1.1,0.5,0.1,2.42047,53.8828
10,20,30,0.05,0.01,0.00523006,1.1,0.5,0.1,1.26735,21.6041
10,20,30,0.05,0.01,0.00240821,1.1,0.5,0.1,3.6178,63.9664
10,20,30,0.05,0.01,0.00652647,1.1,0.5,0.1,1.10039,24.3208
10,20,30,0.05,0.01,0.00483106,1.1,0.5,0.1,3.22589,58.1268
10,20,30,0.05,0.01,0.00342431,1.1,0.5,0.1,6.92391,131.23
10,20,30,0.05,0.01,0.00449431,1.1,0.5,0.1,2.01885,35.1548
10,20,30,0.05,0.01,0.00213203,1.1,0.5,0.1,7.64499,144.741
10,20,30,0.05,0.01,0.00472187,1.1,0.5,0.1,4.20546,89.7395
10,20,30,0.05,0.01,0.0047032,1.1,0.5,0.1,4.98239,92.685
10,20,30,0.05,0.01,0.00367142,1.1,0.5,0.1,3.98293,72.724
10,20,30,0.05,0.01,0.00643866,1.1,0.5,0.1,1.82257,41.8969
10,20,30,0.05,0.01,0.0048218,1.1,0.5,0.1,1.08992,23.3051
10,20,30,0.05,0.01,0.00173919,1.1,0.5,0.1,11.2201,216.293
10,20,30,0.05,0.01,0.00630549,1.1,0.5,0.1,2.81495,61.8805
10,20,30,0.05,0.01,0.00404265,1.1,0.5,0.1,4.31255,78.4966
10,20,30,0.05,0.01,0.00309228,1.1,0.5,0.1,6.20319,116.244
10,20,30,0.05,0.01,0.00138413,1.1,0.5,0.1,14.61,283.188
10,20,30,0.05,0.01,0.00431635,1.1,0.5,0.1,2.14351,48.7735
10,20,30,0.05,0.01,0.00234296,1.1,0.5,0.1,6.99087,132.161
10,20,30,0.05,0.01,0.00353624,1.1,0.5,0.1,11.0018,210.848
10,20,30,0.05,0.01,0.0019179,1.1,0.5,0.1,9.55308,183.508
10,20,30,0.05,0.01,0.00415432,1.1,0.5,0.1,1.75451,29.7168
10,20,30,0.05,0.01,0.00311077,1.1,0.5,0.1,2.46826,42.5172
10,20,30,0.05,0.01,0.00314883,1.1,0.5,0.1,2.72865,47.26
10,20,30,0.05,0.01,0.0048334,1.1,0.5,0.1,2.38793,41.275
10,20,30,0.05,0.01,0.00215134,1.1,0.5,0.1,1.9767,44.7817
10,20,30,0.05,0.01,0.00626492,1.1,0.5,0.1,1.33752,31.4027
10,20,30,0.05,0.01,0.00642787,1.1,0.5,0.1,1.05169,23.4335
10,20,30,0.05,0.01,0.00229841,1.1,0.5,0.1,4.79605,88.9828
10,20,30,0.05,0.01,0.00508063,1.1,0.5,0.1,1.0141,22.3117
10,20,30,0.05,0.01,0.00301773,1.1,0.5,0.1,7.919,150.003
10,20,30,0.05,0.01,0.00634442,1.1,0.5,0.1,1.26466,29.5893
10,20,30,0.05,0.01,0.0045219,1.1,0.5,0.1,3.67141,66.7388
10,20,30,0.05,0.01,0.0011765,1.1,0.5,0.1,13.1974,255.569
10,20,30,0.05,0.01,0.00252159,1.1,0.5,0.1,1.38667,23.9342
10,20,30,0.05,0.01,0.00414306,1.1,0.5,0.1,2.73647,48.5143
10,20,30,0.05,0.01,0.00552554,1.1,0.5,0.1,0.964325,19.783
10,20,30,0.05,0.01,0.00472319,1.1,0.5,0.1,2.02427,34.4523
10,20,30,0.05,0.01,0.00216661,1.1,0.5,0.1,6.24271,116.516
10,20,30,0.05,0.01,0.00576986,1.1,0.5,0.1,2.38353,53.2461
10,20,30,0.05,0.01,0.00588825,1.1,0.5,0.1,1.00909,22.582
10,20,30,0.05,0.01,0.00305342,1.1,0.5,0.1,6.34756,119.195
10,20,30,0.05,0.01,0.00660733,1.1,0.5,0.1,1.133,25.8564
10,20,30,0.05,0.01,0.00637843,1.1,0.5,0.1,1.84921,42.4304
10,20,30,0.05,0.01,0.00326009,1.1,0.5,0.1,6.12069,115.364
10,20,30,0.05,0.01,0.00461872,1.1,0.5,0.1,2.36211,53.058
10,20,30,0.05,0.01,0.00150269,1.1,0.5,0.1,8.27474,158.366
10,20,30,0.05,0.01,0.00546256,1.1,0.5,0.1,2.02435,46.0542
10,20,30,0.05,0.01,0.00689875,1.1,0.5,0.1,2.22675,50.0063
